customer_id,avg_monthly_credit,avg_monthly_debit,avg_eod_balance,min_balance,max_balance,emi_bounce_count,salary_credit_count,salary_flag,inward_cheque_bounce_count,outward_cheque_bounce_count,avg_monthly_emi_outflow,cash_withdrawal_pct,upi_txn_count_monthly,international_txn_flag,gaming_txn_flag,casino_txn_flag,credit_card_payment_flag,statement_start_date,statement_end_date,bank_name,account_type,load_date
2000000,574220.7,516262.56,246769.45,51866.95,4017070.59,0,1,False,3,1,89993.72,18.32,107,False,False,False,True,2024-01-01,2024-12-31,IndusInd Bank,Current,2024-12-31
2000001,621817.95,299571.25,1074307.07,110299.07,4301003.21,0,1,True,5,2,51580.0,34.06,137,False,False,False,False,2024-01-01,2024-12-31,Punjab National,Savings,2024-12-31
2000002,1242361.21,727693.81,985719.89,95779.47,5608053.69,2,1,True,0,1,384166.81,29.53,52,False,False,False,False,2024-01-01,2024-12-31,Federal Bank,Salary,2024-12-31
2000003,563412.78,382011.7,237683.47,26839.8,2741681.69,1,3,True,2,2,41368.73,9.21,56,False,False,False,False,2024-01-01,2024-12-31,SBI,OD Account,2024-12-31
2000004,313770.65,253590.36,89133.14,60880.48,1990253.21,0,2,True,5,3,102194.13,30.61,90,False,False,False,True,2024-01-01,2024-12-31,Axis Bank,Savings,2024-12-31
2000005,229649.25,191421.86,406873.99,4842.29,700467.25,1,1,False,0,0,19979.33,15.32,179,False,False,False,False,2024-01-01,2024-12-31,Yes Bank,OD Account,2024-12-31
2000006,731333.64,382931.89,1506709.9,176573.41,5795428.62,0,2,True,5,0,318105.74,26.7,136,False,False,False,False,2024-01-01,2024-12-31,Yes Bank,Savings,2024-12-31
2000007,1265155.55,1146082.3,2608686.18,156983.72,11530110.69,0,1,True,4,2,174591.71,37.62,101,False,False,False,False,2024-01-01,2024-12-31,Axis Bank,Current,2024-12-31
2000008,793239.46,983952.8,573167.27,292768.18,8783190.66,1,2,True,3,3,221039.92,21.74,4,False,False,False,True,2024-01-01,2024-12-31,SBI,OD Account,2024-12-31
2000009,1132716.83,899222.62,1380148.86,215575.6,8601877.23,0,1,True,4,0,221749.53,5.36,54,False,False,False,False,2024-01-01,2024-12-31,Federal Bank,Savings,2024-12-31
2000010,1058485.6,436351.3,1349494.79,55678.76,7336530.06,3,1,True,3,0,237781.0,0.97,153,False,False,False,False,2024-01-01,2024-12-31,Punjab National,Salary,2024-12-31
2000011,69820.09,38896.5,35441.34,2896.06,153888.48,1,2,True,4,0,20613.79,38.62,31,True,False,False,False,2024-01-01,2024-12-31,Axis Bank,Savings,2024-12-31
2000012,737085.97,846120.33,1477431.29,247663.09,4870588.58,0,2,True,1,0,302455.31,25.6,129,False,False,False,False,2024-01-01,2024-12-31,Yes Bank,NRE,2024-12-31
2000013,914154.55,913839.25,2362996.2,296562.93,6360916.76,0,2,True,3,1,210162.48,4.76,50,False,False,False,False,2024-01-01,2024-12-31,Yes Bank,Savings,2024-12-31
2000014,942220.22,721254.67,1743238.76,38903.3,1644897.73,0,1,True,2,0,143202.77,13.38,3,False,True,False,False,2024-01-01,2024-12-31,Punjab National,Savings,2024-12-31
2000015,293393.9,322005.48,409752.86,30087.72,1437220.0,1,1,True,4,3,127083.91,23.28,39,False,True,False,True,2024-01-01,2024-12-31,HDFC Bank,Savings,2024-12-31
2000016,284075.0,171309.77,519209.11,6696.22,2699135.92,0,1,True,2,0,60837.51,26.35,70,False,False,False,False,2024-01-01,2024-12-31,ICICI Bank,Salary,2024-12-31
2000017,519073.89,523643.67,248992.9,80473.58,3402397.79,0,1,True,2,1,124883.05,36.47,138,False,False,True,False,2024-01-01,2024-12-31,IndusInd Bank,Savings,2024-12-31
2000018,101011.28,73384.88,52659.0,5116.46,657752.47,2,3,False,2,0,31987.5,39.97,20,False,False,False,False,2024-01-01,2024-12-31,SBI,Savings,2024-12-31
2000019,500164.07,320951.04,1458497.48,29003.7,2523424.13,1,2,True,2,2,81807.57,30.48,116,False,False,False,True,2024-01-01,2024-12-31,IndusInd Bank,NRE,2024-12-31
2000020,621522.56,358145.14,297583.5,28061.82,3520681.03,0,1,True,3,1,110002.02,14.41,2,False,False,False,True,2024-01-01,2024-12-31,IndusInd Bank,Savings,2024-12-31
2000021,643056.51,465015.66,269821.12,93174.53,6158006.8,1,2,True,1,1,129911.24,16.62,146,False,False,False,True,2024-01-01,2024-12-31,Kotak Mahindra,Savings,2024-12-31
2000022,767582.53,359873.69,1760414.05,150088.38,3684791.08,1,3,False,5,3,301987.38,0.15,156,False,False,False,False,2024-01-01,2024-12-31,IndusInd Bank,Savings,2024-12-31
2000023,878629.99,543942.35,952186.67,74067.85,4536160.41,0,3,True,0,1,282969.88,27.26,199,True,False,False,False,2024-01-01,2024-12-31,IDFC First,Savings,2024-12-31
2000024,433203.28,419634.26,1003013.52,65377.05,3425976.95,0,0,True,0,1,62794.58,25.74,160,False,False,False,False,2024-01-01,2024-12-31,HDFC Bank,Savings,2024-12-31
2000025,1068525.2,643428.13,2999086.43,100878.95,4869672.81,0,1,True,3,0,253170.65,2.19,22,False,False,False,False,2024-01-01,2024-12-31,Kotak Mahindra,Salary,2024-12-31
2000026,1152804.05,976900.89,2169265.65,148481.19,8821040.34,2,1,True,4,2,442752.12,8.59,125,False,False,False,True,2024-01-01,2024-12-31,Yes Bank,Current,2024-12-31
2000027,1203304.48,759487.78,1085944.44,206289.24,3952171.25,0,2,True,5,2,414527.55,11.82,108,False,False,False,True,2024-01-01,2024-12-31,Yes Bank,OD Account,2024-12-31
2000028,792791.37,559217.8,201603.22,192418.81,5095038.28,0,1,True,0,1,89609.8,20.97,16,False,False,False,False,2024-01-01,2024-12-31,Punjab National,Current,2024-12-31
2000029,992913.12,980186.42,2236141.22,287957.24,10441641.7,0,1,True,3,0,479232.65,28.99,4,False,False,False,True,2024-01-01,2024-12-31,Yes Bank,Current,2024-12-31
2000030,531492.04,348665.68,1509991.85,132421.23,3539270.08,3,1,True,1,1,167418.35,32.84,41,False,False,False,False,2024-01-01,2024-12-31,ICICI Bank,Savings,2024-12-31
2000031,648081.42,468749.87,2198373.41,211572.72,7279191.14,0,1,True,4,2,108283.74,12.26,57,False,False,False,True,2024-01-01,2024-12-31,IDFC First,Savings,2024-12-31
2000032,59163.88,37348.7,187267.36,4552.92,142022.79,0,0,True,1,0,20483.99,0.39,15,False,False,False,False,2024-01-01,2024-12-31,Yes Bank,Salary,2024-12-31
2000033,775265.9,878125.31,1676940.16,73205.04,7150868.61,1,2,True,0,0,218132.56,24.52,158,False,False,False,True,2024-01-01,2024-12-31,Kotak Mahindra,Savings,2024-12-31
2000034,900169.95,610682.5,860808.05,190830.27,1604049.12,0,1,False,2,2,361419.07,2.95,148,False,False,False,True,2024-01-01,2024-12-31,ICICI Bank,Salary,2024-12-31
2000035,1211598.17,1105900.53,319276.03,183310.34,2772128.39,0,1,True,1,2,415575.41,29.67,61,False,False,True,False,2024-01-01,2024-12-31,Axis Bank,Current,2024-12-31
2000036,1347484.95,756305.16,2658817.86,230367.27,10159325.65,0,1,True,1,1,508986.62,30.89,57,False,False,False,True,2024-01-01,2024-12-31,Yes Bank,Savings,2024-12-31
2000037,530530.74,388050.18,869462.22,130548.85,2490105.58,0,1,False,3,1,103493.28,16.5,149,False,False,False,True,2024-01-01,2024-12-31,Punjab National,Savings,2024-12-31
2000038,922298.31,654952.18,1929838.31,311660.89,7223100.66,2,1,True,3,2,481217.81,8.55,171,False,False,False,True,2024-01-01,2024-12-31,Axis Bank,Savings,2024-12-31
2000039,1377114.29,1094365.07,1561127.45,306615.3,5897199.6,3,1,True,0,1,166229.83,13.42,29,False,False,False,True,2024-01-01,2024-12-31,Federal Bank,Savings,2024-12-31
2000040,573051.09,283985.23,426248.67,67925.66,3937432.44,0,1,False,3,1,74430.93,25.69,20,False,False,False,False,2024-01-01,2024-12-31,Punjab National,Current,2024-12-31
2000041,467208.31,444769.91,205759.31,38203.34,2490557.91,3,2,True,1,3,151546.06,17.41,39,False,False,False,True,2024-01-01,2024-12-31,HDFC Bank,Savings,2024-12-31
2000042,22666.67,11391.2,7177.94,759.14,97931.33,0,3,False,0,3,5071.27,22.59,80,False,False,False,True,2024-01-01,2024-12-31,IndusInd Bank,Savings,2024-12-31
2000043,275115.06,228023.88,67545.51,11623.38,1464503.05,0,0,True,5,3,144247.8,20.78,33,False,False,False,True,2024-01-01,2024-12-31,ICICI Bank,Salary,2024-12-31
2000044,661136.84,334073.36,182605.51,115630.65,2185234.24,0,1,False,0,1,164591.91,19.11,57,False,False,False,True,2024-01-01,2024-12-31,Yes Bank,Savings,2024-12-31
2000045,219289.59,133082.23,98821.41,11331.16,993392.9,0,2,True,4,3,35130.63,8.58,112,False,False,False,True,2024-01-01,2024-12-31,Yes Bank,Current,2024-12-31
2000046,125787.97,71211.45,275718.89,32540.25,826846.5,0,1,True,1,0,20365.16,3.77,142,False,False,False,False,2024-01-01,2024-12-31,Yes Bank,Savings,2024-12-31
2000047,285183.67,155231.59,562335.87,35113.41,2143356.22,1,2,True,0,1,105037.88,19.9,74,False,False,False,False,2024-01-01,2024-12-31,Axis Bank,Savings,2024-12-31
2000048,74839.95,75919.91,163389.99,21859.3,555467.79,4,1,True,0,3,26031.95,14.66,199,False,False,False,True,2024-01-01,2024-12-31,Federal Bank,Salary,2024-12-31
2000049,189318.57,237202.72,51364.33,28425.56,1187014.35,0,2,True,5,2,88729.02,26.82,132,False,False,False,False,2024-01-01,2024-12-31,Yes Bank,Savings,2024-12-31
2000050,490890.96,391555.43,61948.92,71169.42,3115703.9,1,1,True,4,1,51059.81,38.06,130,False,False,False,True,2024-01-01,2024-12-31,IDFC First,Current,2024-12-31
2000051,387708.81,245206.25,305175.81,68513.13,669018.48,1,1,True,4,2,113386.64,31.15,144,False,False,False,False,2024-01-01,2024-12-31,HDFC Bank,Savings,2024-12-31
2000052,1185515.9,611440.08,2771807.75,227904.34,4626655.19,0,1,False,4,3,152930.24,6.19,54,False,False,False,True,2024-01-01,2024-12-31,SBI,Salary,2024-12-31
2000053,818575.84,825452.73,256738.22,168171.14,2431598.86,0,1,False,2,3,279401.36,30.48,48,False,False,False,False,2024-01-01,2024-12-31,HDFC Bank,Savings,2024-12-31
2000054,1414684.9,804739.77,2964598.6,322444.97,7357619.28,1,1,True,2,0,214095.47,26.31,62,False,False,False,True,2024-01-01,2024-12-31,IndusInd Bank,Savings,2024-12-31
2000055,616334.68,406653.25,1082586.58,95497.7,2277679.3,1,0,False,4,2,161242.58,1.63,175,False,True,False,False,2024-01-01,2024-12-31,Federal Bank,Savings,2024-12-31
2000056,345338.97,308028.94,829238.04,15258.75,791234.16,2,1,True,0,2,119504.98,39.5,103,False,False,False,True,2024-01-01,2024-12-31,Federal Bank,Savings,2024-12-31
2000057,242717.37,118283.18,94609.26,2405.19,1405980.96,0,2,True,5,3,41019.23,33.13,66,False,False,False,True,2024-01-01,2024-12-31,Punjab National,Savings,2024-12-31
2000058,237850.48,160026.36,355349.61,52671.2,1644752.8,0,1,True,1,3,57734.15,30.36,116,False,False,False,False,2024-01-01,2024-12-31,Yes Bank,Savings,2024-12-31
2000059,1136412.99,1016599.61,1224287.61,65812.98,5604779.66,1,0,True,1,0,128738.59,38.92,58,False,False,False,True,2024-01-01,2024-12-31,Federal Bank,Savings,2024-12-31
2000060,1012031.35,743120.43,343549.01,74026.27,2713889.03,0,2,True,3,2,373605.68,39.57,122,False,False,False,True,2024-01-01,2024-12-31,Axis Bank,Current,2024-12-31
2000061,1275230.79,794619.21,1808273.12,58186.99,7797889.52,1,1,False,3,0,231991.56,12.44,159,False,True,False,True,2024-01-01,2024-12-31,ICICI Bank,Salary,2024-12-31
2000062,1115897.71,675954.66,567996.89,64924.44,8616627.39,0,1,True,5,3,113558.64,37.98,43,False,True,False,False,2024-01-01,2024-12-31,SBI,Savings,2024-12-31
2000063,165405.69,105367.37,46108.84,7754.54,1441478.01,5,1,True,0,3,66235.09,12.41,173,False,True,False,True,2024-01-01,2024-12-31,Punjab National,Current,2024-12-31
2000064,872248.36,603559.94,1721562.38,138116.95,3272975.47,0,3,True,5,1,196802.08,31.54,10,False,True,False,False,2024-01-01,2024-12-31,Punjab National,Current,2024-12-31
2000065,780703.73,349611.83,1449771.92,147516.77,4613158.87,0,1,True,1,0,131284.87,15.35,187,False,False,False,False,2024-01-01,2024-12-31,SBI,Savings,2024-12-31
2000066,350547.26,465658.07,884406.88,71608.94,875768.86,4,3,True,4,1,114567.16,23.39,58,False,False,False,True,2024-01-01,2024-12-31,SBI,Savings,2024-12-31
2000067,1297664.36,827947.0,3390543.15,220715.26,2768420.12,1,1,True,0,1,304512.01,31.52,83,False,False,False,False,2024-01-01,2024-12-31,Federal Bank,Current,2024-12-31
2000068,422401.54,316158.32,201464.31,24698.76,2437203.53,0,1,True,3,0,120667.33,7.61,200,False,False,False,True,2024-01-01,2024-12-31,Axis Bank,Current,2024-12-31
2000069,1347905.84,641858.06,1507185.4,53498.94,7715048.04,1,1,True,1,2,193412.39,26.31,58,False,False,False,True,2024-01-01,2024-12-31,Kotak Mahindra,Current,2024-12-31
2000070,110729.74,127875.13,67423.33,27116.52,876408.69,2,3,True,0,2,55426.25,18.66,58,False,False,False,True,2024-01-01,2024-12-31,Punjab National,Savings,2024-12-31
2000071,1413955.96,1210399.42,530426.34,119574.11,6996111.34,0,1,True,1,1,281158.45,2.66,70,True,False,False,True,2024-01-01,2024-12-31,ICICI Bank,Savings,2024-12-31
2000072,1104147.43,523266.15,803361.07,174805.15,6846043.45,2,1,True,4,2,262627.94,26.11,157,True,False,False,True,2024-01-01,2024-12-31,ICICI Bank,Savings,2024-12-31
2000073,1273886.02,1036135.97,2863599.09,209844.64,6666367.85,3,3,True,4,1,222669.21,2.63,189,True,False,False,False,2024-01-01,2024-12-31,Axis Bank,Savings,2024-12-31
2000074,1187314.04,662961.74,2554105.12,72289.83,4804536.55,0,1,True,2,0,401575.08,5.39,52,False,False,False,False,2024-01-01,2024-12-31,Kotak Mahindra,Savings,2024-12-31
2000075,1149595.5,535457.11,1208621.04,115022.33,2167870.73,0,1,False,2,0,214658.95,11.3,42,False,False,False,False,2024-01-01,2024-12-31,ICICI Bank,Savings,2024-12-31
2000076,97790.93,77574.37,97767.28,1640.22,179599.48,3,1,True,3,2,17417.26,15.16,135,False,False,False,False,2024-01-01,2024-12-31,Punjab National,NRE,2024-12-31
2000077,448009.47,559952.89,765429.78,70692.63,2657233.91,0,0,True,3,3,157073.85,20.14,50,False,False,False,False,2024-01-01,2024-12-31,IndusInd Bank,Current,2024-12-31
2000078,736661.11,553916.56,411157.13,16898.5,5321429.75,1,1,False,3,2,170015.76,11.83,37,False,False,False,False,2024-01-01,2024-12-31,SBI,Savings,2024-12-31
2000079,792566.6,789066.71,1174040.96,106741.99,3179728.19,0,1,True,1,2,84984.06,25.25,40,False,False,False,True,2024-01-01,2024-12-31,ICICI Bank,Savings,2024-12-31
2000080,1149429.53,875168.94,2138905.31,176792.5,2111619.93,1,1,False,1,2,98647.63,17.65,169,False,False,False,True,2024-01-01,2024-12-31,Federal Bank,Savings,2024-12-31
2000081,1117788.47,1077860.31,1389026.17,220261.91,9530531.06,1,1,True,4,1,272625.54,17.31,11,False,False,False,True,2024-01-01,2024-12-31,Federal Bank,Current,2024-12-31
2000082,1079010.43,656554.51,245815.93,188951.15,5288469.01,1,1,False,0,3,405042.81,10.35,84,False,False,False,True,2024-01-01,2024-12-31,Punjab National,OD Account,2024-12-31
2000083,343200.07,223064.93,514432.29,10471.71,3110501.41,1,1,True,1,3,72646.58,20.89,78,False,False,False,False,2024-01-01,2024-12-31,Punjab National,Savings,2024-12-31
2000084,624145.02,458532.11,1147216.26,69190.0,2016518.14,2,1,True,1,3,221135.3,17.14,17,False,False,False,True,2024-01-01,2024-12-31,Yes Bank,OD Account,2024-12-31
2000085,75492.58,85818.75,158542.14,9139.07,266395.39,1,1,True,4,2,22275.28,9.92,200,False,False,False,True,2024-01-01,2024-12-31,IndusInd Bank,Current,2024-12-31
2000086,1024399.61,900396.33,376272.73,145617.57,5151418.57,0,1,True,0,3,514481.38,2.91,198,False,False,False,True,2024-01-01,2024-12-31,Federal Bank,Savings,2024-12-31
2000087,480618.63,391848.43,602671.12,52268.5,931957.59,0,3,True,5,2,158740.13,34.21,102,False,False,False,True,2024-01-01,2024-12-31,Federal Bank,Salary,2024-12-31
2000088,1303813.85,912086.75,2936599.24,43501.55,9482212.14,2,1,False,5,1,510155.71,3.68,112,False,False,False,False,2024-01-01,2024-12-31,Axis Bank,Savings,2024-12-31
2000089,1283566.6,835470.39,1752490.64,69433.02,5984305.33,0,1,True,4,0,166558.84,27.67,141,True,False,False,True,2024-01-01,2024-12-31,IndusInd Bank,Savings,2024-12-31
2000090,702294.52,381014.78,1228568.88,102285.27,3487054.25,0,1,False,4,0,96923.17,6.82,92,False,False,False,True,2024-01-01,2024-12-31,HDFC Bank,Salary,2024-12-31
2000091,1423256.84,1110000.3,618138.87,281949.92,7834212.72,1,1,True,5,1,159863.42,18.91,11,False,False,False,True,2024-01-01,2024-12-31,Yes Bank,Salary,2024-12-31
2000092,1227001.63,741698.44,445228.08,63905.21,5221048.26,0,3,True,2,0,346763.38,21.62,174,False,False,False,True,2024-01-01,2024-12-31,Yes Bank,Current,2024-12-31
2000093,479586.02,270446.78,819362.62,129787.29,3155168.55,0,2,True,0,2,49891.08,33.45,156,False,False,False,True,2024-01-01,2024-12-31,IndusInd Bank,Salary,2024-12-31
2000094,1090095.93,641280.03,3129704.04,252416.36,10177784.83,3,3,True,2,1,141056.3,14.89,166,False,False,False,True,2024-01-01,2024-12-31,Punjab National,Current,2024-12-31
2000095,193274.73,149880.36,438229.31,15789.83,808347.56,0,1,True,0,3,33101.41,16.16,138,False,False,False,True,2024-01-01,2024-12-31,Punjab National,Current,2024-12-31
2000096,1013306.51,810691.14,1960765.48,70996.99,6385861.56,0,1,True,1,3,330079.2,6.69,127,True,False,False,True,2024-01-01,2024-12-31,Yes Bank,Savings,2024-12-31
2000097,396047.29,241726.79,125870.09,49822.29,1813258.43,2,1,True,1,3,72780.61,13.53,161,False,False,False,False,2024-01-01,2024-12-31,Punjab National,Savings,2024-12-31
2000098,756221.1,347456.46,126794.57,18638.25,5537842.94,0,0,False,1,0,241871.91,18.37,179,False,False,False,False,2024-01-01,2024-12-31,Federal Bank,Savings,2024-12-31
2000099,959340.86,589158.4,1073173.53,143946.89,8340338.79,1,1,True,1,0,183922.97,27.78,101,True,False,False,False,2024-01-01,2024-12-31,IndusInd Bank,Savings,2024-12-31
2000100,1514115.82,882684.5,817142.81,124610.21,7851964.47,0,3,True,3,1,194913.1,21.36,176,False,False,False,True,2024-01-01,2024-12-31,SBI,Current,2024-12-31
2000101,640937.72,706424.77,828067.82,84412.37,2012227.14,0,2,True,4,3,263250.68,1.89,52,False,False,False,False,2024-01-01,2024-12-31,IndusInd Bank,Savings,2024-12-31
2000102,461281.01,369234.16,253916.77,114783.56,1850249.51,0,1,True,4,3,177695.87,19.41,77,False,False,False,True,2024-01-01,2024-12-31,ICICI Bank,Savings,2024-12-31
2000103,1132829.49,884892.34,2434433.87,217481.68,4801036.71,0,1,True,0,0,265881.98,7.76,21,True,False,False,False,2024-01-01,2024-12-31,IndusInd Bank,Salary,2024-12-31
2000104,814657.4,725214.77,906489.26,36899.17,2971793.83,0,2,True,5,3,172987.95,21.62,42,False,False,False,True,2024-01-01,2024-12-31,Yes Bank,Savings,2024-12-31
2000105,406138.79,173870.33,361084.51,45178.5,1074414.91,0,2,True,2,1,99952.38,13.09,128,False,False,False,False,2024-01-01,2024-12-31,Kotak Mahindra,OD Account,2024-12-31
2000106,887243.42,883969.1,1539404.36,273280.13,2632808.99,0,3,True,0,3,238050.81,30.97,8,False,False,False,True,2024-01-01,2024-12-31,IndusInd Bank,Salary,2024-12-31
2000107,572844.47,463768.73,445406.81,54076.26,3527874.0,3,1,True,5,1,193263.99,2.97,118,False,True,False,True,2024-01-01,2024-12-31,IndusInd Bank,Salary,2024-12-31
2000108,769694.65,769855.03,678917.18,107477.92,5590475.25,1,1,True,4,1,289492.83,9.9,138,False,False,False,True,2024-01-01,2024-12-31,Yes Bank,Savings,2024-12-31
2000109,275487.52,171785.12,44084.49,43672.42,1791631.68,0,1,True,5,3,103007.34,23.13,58,False,False,False,True,2024-01-01,2024-12-31,HDFC Bank,Savings,2024-12-31
2000110,239295.41,262315.44,353175.6,13299.96,942208.51,1,2,True,4,1,126741.46,26.96,89,True,True,False,False,2024-01-01,2024-12-31,IndusInd Bank,Savings,2024-12-31
2000111,321515.99,233850.71,430900.77,90988.45,1717880.15,2,1,True,3,2,94549.56,35.75,34,False,False,False,False,2024-01-01,2024-12-31,HDFC Bank,Savings,2024-12-31
2000112,694979.96,774805.96,279819.91,236212.7,6458473.0,3,2,True,0,2,296929.59,5.03,31,False,False,False,False,2024-01-01,2024-12-31,Kotak Mahindra,Savings,2024-12-31
2000113,1406622.26,1201572.95,628998.71,257724.67,8881478.77,0,3,True,0,2,380928.83,35.18,24,False,False,False,True,2024-01-01,2024-12-31,Yes Bank,Savings,2024-12-31
2000114,127476.39,52628.31,31286.31,5091.95,344978.22,0,1,True,5,1,40183.57,13.5,141,False,False,False,True,2024-01-01,2024-12-31,IDFC First,Current,2024-12-31
2000115,524287.75,484050.78,921168.2,67448.55,3690090.99,0,2,True,4,3,304275.81,9.42,143,False,False,False,False,2024-01-01,2024-12-31,Kotak Mahindra,Current,2024-12-31
2000116,1281829.83,1144948.39,2188501.37,322416.66,9069895.14,0,1,True,0,2,230684.66,37.11,118,False,False,False,False,2024-01-01,2024-12-31,Axis Bank,Savings,2024-12-31
2000117,1087783.45,1033591.44,2602801.08,318503.83,6461471.28,1,1,False,0,2,421850.68,31.83,148,False,False,False,True,2024-01-01,2024-12-31,Federal Bank,Savings,2024-12-31
2000118,336682.23,261912.79,76486.96,3056.84,2247326.75,0,1,True,4,2,61560.69,12.64,78,True,False,False,False,2024-01-01,2024-12-31,IndusInd Bank,Salary,2024-12-31
2000119,854979.4,568211.03,2400630.74,129921.94,1934526.77,1,0,True,3,2,140592.36,12.57,109,False,False,False,False,2024-01-01,2024-12-31,Federal Bank,Savings,2024-12-31
2000120,981901.45,758437.26,3181088.05,44703.11,6536020.05,0,2,True,1,3,142214.01,15.82,64,False,True,False,False,2024-01-01,2024-12-31,HDFC Bank,Savings,2024-12-31
2000121,608621.17,320695.28,568865.19,90225.9,4299488.96,1,1,False,0,2,203270.3,36.93,119,False,False,False,False,2024-01-01,2024-12-31,Punjab National,Current,2024-12-31
2000122,314158.32,228346.66,981856.24,38727.16,924003.57,1,3,True,1,1,54823.43,18.64,123,False,False,False,False,2024-01-01,2024-12-31,ICICI Bank,Current,2024-12-31
2000123,853884.83,787474.09,2077060.09,101774.12,4028611.94,0,1,True,5,3,152494.0,36.13,134,False,False,False,False,2024-01-01,2024-12-31,IndusInd Bank,Savings,2024-12-31
2000124,1628266.26,1277494.67,595251.29,307410.95,9800993.5,0,1,True,5,1,414532.35,5.85,144,False,False,False,False,2024-01-01,2024-12-31,IndusInd Bank,Savings,2024-12-31
2000125,840743.77,789019.8,2043620.06,115575.59,8621361.02,1,1,True,5,0,395140.61,29.94,114,False,False,False,True,2024-01-01,2024-12-31,Punjab National,Current,2024-12-31
2000126,1462930.56,747106.79,3312265.77,115262.91,8410637.47,0,3,True,3,1,150047.13,20.32,45,False,False,False,False,2024-01-01,2024-12-31,SBI,Savings,2024-12-31
2000127,284072.92,320419.2,473567.85,89008.74,1083439.93,0,1,True,3,3,95386.61,38.58,154,False,False,False,True,2024-01-01,2024-12-31,Federal Bank,Savings,2024-12-31
2000128,1077103.84,1230233.55,1008768.56,184514.17,3316302.23,1,2,True,2,2,200016.4,32.45,67,False,False,False,False,2024-01-01,2024-12-31,IDFC First,Current,2024-12-31
2000129,167865.63,126557.13,390655.06,10668.28,1051385.92,0,1,True,2,0,39512.38,6.63,21,False,False,False,False,2024-01-01,2024-12-31,Axis Bank,Savings,2024-12-31
2000130,531118.86,400647.91,1018307.99,66866.04,1300142.26,0,2,True,2,3,76918.37,1.24,55,False,False,False,False,2024-01-01,2024-12-31,Punjab National,Current,2024-12-31
2000131,43825.09,33976.29,92414.62,1245.98,134453.29,0,1,True,4,1,18947.16,39.29,43,False,False,False,True,2024-01-01,2024-12-31,Kotak Mahindra,Savings,2024-12-31
2000132,252240.11,165143.15,637422.06,33478.54,2472152.98,1,1,True,3,0,34461.38,36.4,48,True,True,False,False,2024-01-01,2024-12-31,Axis Bank,Current,2024-12-31
2000133,1041228.31,936409.46,2846160.0,244464.46,5215834.79,0,1,False,0,0,115012.21,31.42,149,False,False,False,False,2024-01-01,2024-12-31,Federal Bank,Current,2024-12-31
2000134,822562.06,581599.28,1001864.18,60251.73,2694451.98,0,1,True,1,0,185015.65,19.76,9,False,False,False,False,2024-01-01,2024-12-31,Federal Bank,Current,2024-12-31
2000135,236904.74,240857.59,635679.41,24843.14,1099099.36,0,1,True,1,0,54591.45,16.98,35,False,False,False,False,2024-01-01,2024-12-31,ICICI Bank,Savings,2024-12-31
2000136,1642000.71,1293004.12,665529.78,242066.9,8428485.42,0,1,True,0,0,443175.69,20.07,168,False,False,False,False,2024-01-01,2024-12-31,Kotak Mahindra,Salary,2024-12-31
2000137,1031693.85,763811.83,552960.84,214314.28,8818220.28,2,1,True,5,3,490659.15,39.51,100,False,False,False,True,2024-01-01,2024-12-31,Yes Bank,Salary,2024-12-31
2000138,185464.39,184087.79,434606.66,53201.79,857064.31,0,1,True,0,1,74196.52,0.44,30,False,False,False,False,2024-01-01,2024-12-31,HDFC Bank,Current,2024-12-31
2000139,1356146.06,1040284.19,242697.9,351688.03,10376563.35,2,0,True,1,2,262646.13,36.38,116,False,False,False,True,2024-01-01,2024-12-31,Kotak Mahindra,Savings,2024-12-31
2000140,280107.22,148303.38,399115.91,12628.18,1448144.39,2,0,True,4,1,21157.28,21.07,42,True,False,False,False,2024-01-01,2024-12-31,IDFC First,Savings,2024-12-31
2000141,1064136.63,1038722.21,2255131.11,291136.76,6408325.86,3,1,True,3,2,403540.61,10.64,147,False,False,False,False,2024-01-01,2024-12-31,SBI,Current,2024-12-31
2000142,271603.96,242751.48,410453.56,20784.51,2122422.63,2,1,True,4,1,54240.46,12.2,17,True,False,False,False,2024-01-01,2024-12-31,IDFC First,Savings,2024-12-31
2000143,283891.65,213262.74,377886.61,21863.29,549572.19,0,1,True,3,3,75751.28,16.31,74,False,False,False,True,2024-01-01,2024-12-31,SBI,Savings,2024-12-31
2000144,450529.56,315309.74,1238661.79,39697.08,5400706.36,0,1,True,1,2,71150.07,14.57,181,True,False,False,True,2024-01-01,2024-12-31,SBI,Savings,2024-12-31
2000145,699455.86,624283.22,2312770.06,69524.24,2325824.44,1,1,True,4,3,132592.95,4.01,155,True,False,False,True,2024-01-01,2024-12-31,SBI,Savings,2024-12-31
2000146,101855.1,93430.43,102025.76,11062.21,663783.16,0,1,False,5,2,38827.32,3.89,21,False,False,False,True,2024-01-01,2024-12-31,Federal Bank,Savings,2024-12-31
2000147,665984.98,566668.73,2373727.43,133140.82,3091939.17,2,2,True,0,2,380943.56,16.33,140,False,False,False,False,2024-01-01,2024-12-31,ICICI Bank,Savings,2024-12-31
2000148,823223.27,404176.67,1885191.94,185318.83,4034530.03,1,0,True,1,3,70815.29,8.69,175,False,False,False,True,2024-01-01,2024-12-31,Axis Bank,OD Account,2024-12-31
2000149,826324.12,547972.12,1816291.63,39799.57,2636609.0,3,3,True,3,2,324719.25,25.46,136,True,False,False,False,2024-01-01,2024-12-31,HDFC Bank,Current,2024-12-31
2000150,571845.19,511117.62,675767.46,58151.0,3090526.01,0,1,False,0,3,94547.17,35.68,132,False,False,False,False,2024-01-01,2024-12-31,SBI,Savings,2024-12-31
2000151,173139.58,111254.21,396047.93,19409.58,685506.77,2,3,True,3,1,30341.7,3.21,39,False,False,False,False,2024-01-01,2024-12-31,Federal Bank,Savings,2024-12-31
2000152,1015373.6,404052.48,130849.9,110910.37,2909764.81,1,2,True,2,1,153990.24,8.91,80,False,False,False,False,2024-01-01,2024-12-31,IDFC First,Savings,2024-12-31
2000153,27088.7,17787.82,16744.78,6387.24,232855.48,0,1,True,3,1,6349.74,6.78,99,False,False,False,False,2024-01-01,2024-12-31,SBI,Savings,2024-12-31
2000154,1100350.18,441126.95,1069141.51,85891.2,5854844.67,0,1,True,1,1,237579.14,5.34,83,False,False,False,False,2024-01-01,2024-12-31,SBI,Savings,2024-12-31
2000155,360959.26,345882.54,570566.17,82978.98,1872504.01,0,2,True,0,3,128320.36,16.17,159,False,False,False,False,2024-01-01,2024-12-31,Kotak Mahindra,Current,2024-12-31
2000156,975943.23,520616.64,1401258.92,189926.69,8172374.99,2,1,True,0,3,121791.08,16.97,67,False,False,False,True,2024-01-01,2024-12-31,Yes Bank,Current,2024-12-31
2000157,59007.31,37499.55,19564.88,5551.9,120898.74,0,1,False,0,3,14247.55,19.93,134,True,False,False,True,2024-01-01,2024-12-31,Punjab National,Current,2024-12-31
2000158,964867.94,877541.25,2330531.34,222545.51,8705736.49,4,2,True,1,1,471241.88,18.82,77,False,False,False,False,2024-01-01,2024-12-31,IDFC First,NRE,2024-12-31
2000159,432244.14,260292.56,181002.16,34901.05,1391852.46,3,1,True,5,0,159613.79,31.26,67,False,False,False,True,2024-01-01,2024-12-31,Federal Bank,Current,2024-12-31
2000160,675157.24,692525.77,784220.95,151208.54,1839988.75,0,2,False,5,2,259059.45,31.5,31,False,False,False,False,2024-01-01,2024-12-31,Federal Bank,Salary,2024-12-31
2000161,1209953.21,725924.55,1545136.94,56637.94,3101644.91,0,2,True,1,2,200118.53,26.42,45,False,False,False,False,2024-01-01,2024-12-31,SBI,Salary,2024-12-31
2000162,1000872.95,577886.66,1243761.2,194253.67,2208069.89,0,1,True,4,1,266496.11,32.47,26,False,False,False,True,2024-01-01,2024-12-31,Axis Bank,Salary,2024-12-31
2000163,878197.19,653680.39,308466.76,121077.48,4768778.96,3,1,True,2,3,202308.75,10.1,157,False,False,True,False,2024-01-01,2024-12-31,ICICI Bank,Salary,2024-12-31
2000164,1203977.05,571725.07,1979492.27,182613.7,4533648.44,0,1,False,2,3,270184.65,33.68,122,False,True,False,True,2024-01-01,2024-12-31,HDFC Bank,Savings,2024-12-31
2000165,1109149.6,1026278.2,1846062.53,253485.49,4216864.5,0,1,True,1,3,472435.33,25.77,94,False,False,False,True,2024-01-01,2024-12-31,HDFC Bank,Current,2024-12-31
2000166,617367.56,377275.22,753733.85,140452.39,4158434.56,2,2,True,3,0,172723.89,38.59,88,False,False,True,False,2024-01-01,2024-12-31,Kotak Mahindra,Salary,2024-12-31
2000167,412487.72,227725.96,129382.06,30214.23,3907675.12,3,0,True,2,0,57293.26,22.37,48,False,False,False,True,2024-01-01,2024-12-31,Kotak Mahindra,Savings,2024-12-31
2000168,763234.24,600789.26,2797244.39,153390.81,8198209.6,1,0,True,0,0,367811.09,14.49,25,False,False,False,False,2024-01-01,2024-12-31,ICICI Bank,Savings,2024-12-31
2000169,1256513.74,665217.4,1767697.94,317091.87,7504589.62,3,1,False,1,0,486387.43,19.82,183,False,False,False,True,2024-01-01,2024-12-31,IDFC First,Savings,2024-12-31
2000170,702398.74,381719.84,1907353.44,147883.08,4717676.29,0,1,True,5,0,218960.29,20.65,196,False,False,False,True,2024-01-01,2024-12-31,IndusInd Bank,Current,2024-12-31
2000171,972091.02,588351.75,566437.26,114393.77,1943424.32,0,1,False,0,3,363329.57,5.31,107,True,False,False,True,2024-01-01,2024-12-31,Federal Bank,Salary,2024-12-31
2000172,575689.19,352654.33,1769369.26,68251.95,3783123.09,1,1,True,2,0,212629.13,18.62,78,False,False,False,True,2024-01-01,2024-12-31,IDFC First,Savings,2024-12-31
2000173,169704.93,116878.5,290824.51,35081.11,1367670.34,3,2,True,0,2,59801.73,22.15,65,False,False,False,True,2024-01-01,2024-12-31,Federal Bank,Savings,2024-12-31
2000174,740346.56,423467.07,521165.76,33188.09,2350548.07,4,1,True,5,0,141499.25,38.33,157,False,False,False,False,2024-01-01,2024-12-31,Punjab National,Salary,2024-12-31
2000175,1090176.62,1085640.47,455382.86,51355.15,6738504.95,0,2,True,5,2,195125.7,33.95,43,False,True,False,False,2024-01-01,2024-12-31,IDFC First,Savings,2024-12-31
2000176,590760.68,435471.27,547650.78,202570.86,4074101.07,2,1,True,2,0,340379.84,32.78,159,False,False,False,False,2024-01-01,2024-12-31,Punjab National,Savings,2024-12-31
2000177,1031846.69,697829.94,1237106.07,236988.76,2144669.78,1,1,True,4,3,327775.89,18.22,11,False,False,False,False,2024-01-01,2024-12-31,IDFC First,Savings,2024-12-31
2000178,1014623.5,573980.13,1471055.42,159164.52,6432360.43,0,1,True,4,3,153433.86,9.89,46,False,False,False,True,2024-01-01,2024-12-31,Punjab National,OD Account,2024-12-31
2000179,939166.97,804243.72,1759056.04,189825.82,4741007.44,3,1,True,4,2,311041.78,33.04,27,False,False,False,False,2024-01-01,2024-12-31,Axis Bank,Current,2024-12-31
2000180,216466.03,191987.42,516469.62,47749.01,1112395.6,0,1,True,5,0,55331.84,26.74,117,False,False,False,False,2024-01-01,2024-12-31,IDFC First,Savings,2024-12-31
2000181,876688.4,353367.86,962773.74,184644.17,1946729.5,0,1,True,4,1,148059.12,5.15,97,False,False,False,False,2024-01-01,2024-12-31,Axis Bank,Savings,2024-12-31
2000182,115709.93,72336.45,387472.24,39071.2,368962.06,0,2,True,1,1,35919.4,17.71,30,False,False,False,True,2024-01-01,2024-12-31,Kotak Mahindra,Salary,2024-12-31
2000183,604759.67,518706.15,1219029.08,174850.14,3202055.23,0,2,True,4,0,105545.8,35.92,105,False,False,False,True,2024-01-01,2024-12-31,IDFC First,Salary,2024-12-31
2000184,136753.88,135161.42,330271.91,1528.68,564118.93,1,1,True,2,3,63231.98,28.68,11,False,False,False,True,2024-01-01,2024-12-31,Yes Bank,Current,2024-12-31
2000185,374284.97,270146.07,255901.81,63109.85,2506693.49,0,1,True,1,0,68861.22,27.12,104,True,False,False,True,2024-01-01,2024-12-31,ICICI Bank,Savings,2024-12-31
2000186,50512.89,34173.65,65880.96,10847.14,212769.73,2,3,True,4,2,11126.55,17.88,19,False,False,False,True,2024-01-01,2024-12-31,IDFC First,Savings,2024-12-31
2000187,727848.91,700313.35,1930425.22,70640.0,4042056.4,0,1,True,2,3,92708.2,32.48,83,False,False,False,True,2024-01-01,2024-12-31,HDFC Bank,Current,2024-12-31
2000188,374504.22,215049.0,185562.19,70261.74,1183428.27,0,2,False,5,0,44855.43,27.03,57,False,False,False,False,2024-01-01,2024-12-31,IDFC First,Savings,2024-12-31
2000189,873513.91,903567.33,1061995.09,89004.91,3092118.81,0,1,True,2,2,413432.43,24.38,75,False,False,False,False,2024-01-01,2024-12-31,IndusInd Bank,Current,2024-12-31
2000190,1155141.87,586431.87,918521.83,91891.31,5972649.9,5,1,True,3,2,118513.22,5.67,18,False,False,False,True,2024-01-01,2024-12-31,Kotak Mahindra,Savings,2024-12-31
2000191,941771.78,431154.4,226909.06,28610.18,5710546.62,0,3,True,2,0,320423.87,5.86,76,False,False,False,False,2024-01-01,2024-12-31,Axis Bank,Salary,2024-12-31
2000192,171377.7,169810.14,412047.79,2856.89,1070654.27,0,1,True,4,2,71831.28,7.22,13,False,False,False,False,2024-01-01,2024-12-31,IndusInd Bank,Current,2024-12-31
2000193,1314549.43,688015.74,1833561.72,235313.5,6455223.04,0,1,True,4,3,132245.28,31.4,119,False,False,False,False,2024-01-01,2024-12-31,SBI,Salary,2024-12-31
2000194,136092.99,80248.61,21024.72,16932.16,547305.2,2,2,True,4,0,13854.67,14.15,148,False,False,False,False,2024-01-01,2024-12-31,Kotak Mahindra,OD Account,2024-12-31
2000195,1203398.22,596627.05,823933.03,101879.72,5190905.46,1,1,True,4,0,469160.92,38.46,85,False,False,False,False,2024-01-01,2024-12-31,IDFC First,Salary,2024-12-31
2000196,108949.91,127641.63,23553.15,15470.93,1155350.81,0,3,True,1,3,57341.43,6.31,165,False,False,False,True,2024-01-01,2024-12-31,ICICI Bank,Salary,2024-12-31
2000197,26539.64,13703.86,25802.87,4794.75,209669.12,0,1,True,2,1,6049.9,39.38,144,False,False,False,False,2024-01-01,2024-12-31,Federal Bank,Salary,2024-12-31
2000198,61578.96,41965.4,26164.89,11071.27,535802.59,0,2,False,5,1,19270.01,36.0,150,False,False,False,True,2024-01-01,2024-12-31,Punjab National,Salary,2024-12-31
2000199,345928.28,148232.45,112671.08,42995.12,1961325.36,0,1,True,1,0,139388.36,5.51,14,False,False,False,False,2024-01-01,2024-12-31,IndusInd Bank,Savings,2024-12-31
2000200,694305.86,623265.41,2238187.78,126838.87,7072490.11,0,3,True,2,3,416098.94,14.24,141,False,False,False,False,2024-01-01,2024-12-31,HDFC Bank,NRE,2024-12-31
2000201,624207.07,458800.13,841581.28,114795.78,3608729.87,0,1,True,1,2,151678.73,9.58,187,True,False,False,False,2024-01-01,2024-12-31,HDFC Bank,Savings,2024-12-31
2000202,135779.3,83094.73,132961.14,20177.5,702554.98,2,1,True,3,2,51953.37,16.11,74,False,False,False,True,2024-01-01,2024-12-31,Federal Bank,Savings,2024-12-31
2000203,12973.28,6651.63,17329.81,748.22,100743.28,0,1,True,5,3,1851.67,34.47,57,False,False,False,True,2024-01-01,2024-12-31,Kotak Mahindra,Current,2024-12-31
2000204,1022641.05,560102.43,360279.96,63665.32,8458794.61,0,0,True,4,1,461219.99,14.16,103,False,False,False,False,2024-01-01,2024-12-31,SBI,Current,2024-12-31
2000205,969130.81,1227356.82,1626426.71,291908.81,9731818.67,2,1,True,4,2,133660.63,8.88,141,False,False,False,True,2024-01-01,2024-12-31,ICICI Bank,Salary,2024-12-31
2000206,1103940.82,449176.15,1093205.1,139449.93,8016033.64,2,1,True,2,0,159645.61,0.07,45,False,False,False,False,2024-01-01,2024-12-31,IndusInd Bank,Savings,2024-12-31
2000207,314254.78,246626.82,431318.72,15129.96,2188204.76,0,1,False,5,1,68190.41,2.54,47,True,False,False,False,2024-01-01,2024-12-31,Federal Bank,Savings,2024-12-31
2000208,268812.58,264764.18,503697.21,35082.07,2241686.03,3,1,True,2,3,67367.69,0.86,78,False,True,False,True,2024-01-01,2024-12-31,ICICI Bank,Savings,2024-12-31
2000209,682604.63,364807.82,1378030.7,116109.81,2240934.14,0,3,True,5,0,249831.25,0.03,37,False,False,False,True,2024-01-01,2024-12-31,SBI,Salary,2024-12-31
2000210,120268.73,126152.67,321064.82,13903.41,776691.42,1,1,True,1,3,13440.07,15.9,131,False,False,False,False,2024-01-01,2024-12-31,SBI,Salary,2024-12-31
2000211,962881.35,838700.14,1246633.13,140754.73,7798108.67,0,0,False,0,0,485008.0,10.1,102,False,False,True,True,2024-01-01,2024-12-31,Punjab National,Current,2024-12-31
2000212,663765.07,609661.62,998403.21,88928.97,3315127.79,0,2,True,4,0,133920.46,27.99,183,False,False,False,False,2024-01-01,2024-12-31,HDFC Bank,OD Account,2024-12-31
2000213,898699.62,388137.35,1450920.64,35924.18,3451465.83,0,1,True,0,1,199822.63,16.1,15,False,False,False,True,2024-01-01,2024-12-31,Federal Bank,Savings,2024-12-31
2000214,1027412.55,599964.5,146602.93,174397.89,2804948.43,0,1,True,5,1,131454.72,18.23,177,True,False,False,False,2024-01-01,2024-12-31,HDFC Bank,Savings,2024-12-31
2000215,1287220.2,813987.08,1181417.77,270117.73,3757356.53,0,0,True,4,3,169594.63,28.97,86,False,False,False,False,2024-01-01,2024-12-31,Yes Bank,Salary,2024-12-31
2000216,277574.02,252406.36,42119.26,7729.1,1466346.22,0,0,True,5,3,67730.65,20.35,156,False,False,False,True,2024-01-01,2024-12-31,IDFC First,Salary,2024-12-31
2000217,1184019.77,599184.18,578996.42,21625.25,9771212.54,0,1,True,4,0,247255.82,23.16,36,False,False,False,True,2024-01-01,2024-12-31,ICICI Bank,Savings,2024-12-31
2000218,457936.89,305235.96,212806.65,70959.37,2875500.88,0,3,True,1,2,145551.4,12.97,104,False,False,False,False,2024-01-01,2024-12-31,IndusInd Bank,OD Account,2024-12-31
2000219,1696207.29,1209988.56,1264202.24,16494.96,7098984.34,0,1,True,1,0,198412.61,0.88,90,False,False,False,True,2024-01-01,2024-12-31,HDFC Bank,Savings,2024-12-31
2000220,763495.83,534562.61,1829107.14,41300.94,1551029.18,0,1,True,5,3,225068.97,6.18,49,False,False,False,False,2024-01-01,2024-12-31,Kotak Mahindra,Salary,2024-12-31
2000221,646388.25,492041.0,219431.37,126576.39,4039451.79,0,1,True,5,1,248568.15,5.26,94,False,False,False,True,2024-01-01,2024-12-31,ICICI Bank,Salary,2024-12-31
2000222,259172.6,206635.37,492957.92,27037.74,1328364.64,0,1,True,3,2,31287.37,24.96,187,False,False,False,False,2024-01-01,2024-12-31,SBI,Savings,2024-12-31
2000223,586934.25,359505.89,933039.14,23053.94,1509365.29,0,1,True,4,2,67380.75,4.84,51,False,False,False,False,2024-01-01,2024-12-31,Federal Bank,Savings,2024-12-31
2000224,642194.53,477834.08,141091.03,73795.47,1596534.48,2,2,True,3,2,142403.13,5.44,111,False,False,False,False,2024-01-01,2024-12-31,Axis Bank,Current,2024-12-31
2000225,935707.99,475997.88,1282726.65,229423.57,3975818.18,0,3,True,5,0,110852.59,19.41,184,False,False,False,False,2024-01-01,2024-12-31,Federal Bank,Savings,2024-12-31
2000226,408448.5,171221.04,861171.97,86248.23,1002948.49,0,1,True,5,2,50852.31,2.27,17,False,False,False,True,2024-01-01,2024-12-31,Punjab National,Savings,2024-12-31
2000227,1121703.26,662006.27,1998756.22,64976.85,3698955.27,3,1,True,4,0,363412.03,20.39,128,False,False,False,False,2024-01-01,2024-12-31,SBI,Savings,2024-12-31
2000228,527732.84,303514.66,176502.42,31725.85,1329333.38,2,3,True,2,3,121385.14,9.77,194,False,False,False,False,2024-01-01,2024-12-31,Federal Bank,Savings,2024-12-31
2000229,901536.09,648665.49,450890.04,28204.97,6661386.12,2,2,True,3,0,240562.79,27.01,124,False,False,False,True,2024-01-01,2024-12-31,SBI,Salary,2024-12-31
2000230,767102.32,486757.09,887633.26,26370.81,2755043.05,5,1,True,1,3,225863.3,3.95,88,False,False,False,False,2024-01-01,2024-12-31,Yes Bank,NRE,2024-12-31
2000231,1083727.04,694329.97,868796.83,36415.0,6046207.18,0,1,True,2,3,316182.14,29.0,103,False,False,False,True,2024-01-01,2024-12-31,SBI,Savings,2024-12-31
2000232,64733.36,73744.31,105950.38,14273.39,735163.44,3,0,False,3,3,12686.94,10.06,153,False,False,False,True,2024-01-01,2024-12-31,IndusInd Bank,Current,2024-12-31
2000233,1613232.82,1148934.58,406040.56,63663.17,4622155.6,0,1,True,0,1,185705.61,18.34,128,False,False,False,False,2024-01-01,2024-12-31,ICICI Bank,Savings,2024-12-31
2000234,644162.35,448035.73,985119.57,135383.27,4462506.44,5,0,True,0,0,168272.06,17.72,108,False,False,False,False,2024-01-01,2024-12-31,IndusInd Bank,Savings,2024-12-31
2000235,280590.36,116713.77,278242.75,20268.14,1635316.78,0,2,True,0,2,58766.06,11.93,58,False,False,False,True,2024-01-01,2024-12-31,SBI,Current,2024-12-31
2000236,325341.71,207558.26,325500.05,19571.4,2904949.6,0,1,True,0,0,119074.54,10.45,26,False,False,False,False,2024-01-01,2024-12-31,SBI,Savings,2024-12-31
2000237,1404554.41,659331.43,284086.09,242562.68,5135205.96,3,1,True,4,1,421390.7,15.87,127,False,False,False,True,2024-01-01,2024-12-31,Punjab National,Savings,2024-12-31
2000238,218217.15,134789.43,296452.93,46782.61,806322.65,0,1,True,3,1,20456.41,19.32,20,False,False,False,True,2024-01-01,2024-12-31,IndusInd Bank,Savings,2024-12-31
2000239,776675.34,725258.02,1809177.64,165817.31,1776946.33,2,1,True,0,0,268539.91,24.76,162,False,False,False,False,2024-01-01,2024-12-31,Punjab National,Salary,2024-12-31
2000240,1229261.41,793684.52,1190078.55,66821.75,6554501.83,2,2,True,5,1,125366.22,18.18,4,True,False,False,False,2024-01-01,2024-12-31,IDFC First,Salary,2024-12-31
2000241,413427.23,248754.61,53192.89,4329.0,1439070.25,2,2,True,2,3,119983.48,3.07,37,False,False,False,True,2024-01-01,2024-12-31,Yes Bank,Salary,2024-12-31
2000242,450630.58,277172.22,718000.8,12923.94,3637313.35,2,1,True,3,2,243606.02,17.36,43,False,False,False,False,2024-01-01,2024-12-31,HDFC Bank,Savings,2024-12-31
2000243,945069.43,535666.14,689295.61,73943.92,4748911.71,2,1,True,0,2,295898.55,4.14,87,False,False,False,True,2024-01-01,2024-12-31,Kotak Mahindra,Savings,2024-12-31
2000244,1116358.37,805561.83,2869755.0,94093.69,9510348.28,0,1,True,2,3,441069.98,11.72,110,False,False,False,True,2024-01-01,2024-12-31,Kotak Mahindra,Savings,2024-12-31
2000245,713912.01,532496.44,428902.83,36261.46,5784524.29,0,1,True,0,0,165926.81,12.13,97,False,False,False,False,2024-01-01,2024-12-31,Federal Bank,Savings,2024-12-31
2000246,364710.75,242258.64,515480.02,89432.08,2961167.45,1,1,True,2,0,95303.92,6.63,194,False,False,False,True,2024-01-01,2024-12-31,IndusInd Bank,Savings,2024-12-31
2000247,399371.75,281124.37,1187472.14,114158.02,2547538.45,0,2,True,3,2,82406.64,37.29,172,True,False,False,False,2024-01-01,2024-12-31,ICICI Bank,Savings,2024-12-31
2000248,1052863.92,711753.7,265935.32,106962.4,2726957.89,0,2,True,2,1,335574.22,29.9,154,False,False,False,False,2024-01-01,2024-12-31,SBI,Current,2024-12-31
2000249,979202.73,588239.29,901956.97,57091.72,5069490.85,4,2,True,4,0,393265.45,20.22,12,False,False,False,True,2024-01-01,2024-12-31,Axis Bank,OD Account,2024-12-31
2000250,1244972.08,734397.0,1651106.01,127701.0,6999961.98,1,1,True,5,0,192853.38,10.8,58,False,False,False,False,2024-01-01,2024-12-31,IndusInd Bank,Current,2024-12-31
2000251,945501.72,899901.18,604658.67,77856.18,2736528.02,4,1,True,0,1,263364.88,11.93,135,False,False,False,False,2024-01-01,2024-12-31,Axis Bank,Savings,2024-12-31
2000252,246995.12,241927.32,500385.41,80251.26,2025204.22,0,1,True,3,3,140735.12,35.52,31,True,False,False,True,2024-01-01,2024-12-31,IndusInd Bank,Savings,2024-12-31
2000253,531854.37,212015.32,1132298.6,97909.26,3344687.21,1,1,True,1,2,107112.49,10.8,66,False,False,False,False,2024-01-01,2024-12-31,Punjab National,Current,2024-12-31
2000254,976589.92,860728.35,1250292.53,74745.65,7287622.43,1,3,True,5,2,467522.47,35.99,94,False,False,False,False,2024-01-01,2024-12-31,Punjab National,Savings,2024-12-31
2000255,85917.24,73701.15,75064.56,13398.8,381671.31,0,1,True,5,0,34863.22,2.34,126,False,False,False,True,2024-01-01,2024-12-31,Axis Bank,Savings,2024-12-31
2000256,581553.29,521900.0,692178.57,146835.02,4650915.15,2,2,True,5,2,193447.1,1.01,53,False,False,False,True,2024-01-01,2024-12-31,IDFC First,Savings,2024-12-31
2000257,991987.07,439516.13,939435.78,121917.03,4720296.24,0,1,True,2,0,125879.41,11.04,192,False,False,False,True,2024-01-01,2024-12-31,Punjab National,Salary,2024-12-31
2000258,1358020.63,892972.64,2820977.24,57591.73,3671661.89,0,1,True,5,1,400313.03,22.3,20,False,False,False,False,2024-01-01,2024-12-31,SBI,Savings,2024-12-31
2000259,892910.26,526218.84,611545.46,187027.58,3284195.37,2,1,True,0,2,137305.16,31.27,31,False,False,False,False,2024-01-01,2024-12-31,IndusInd Bank,Current,2024-12-31
2000260,1150244.24,895670.66,3080946.53,111363.24,11071191.88,1,1,True,3,0,351606.68,28.41,197,True,False,False,True,2024-01-01,2024-12-31,Axis Bank,Savings,2024-12-31
2000261,723231.49,605195.27,1512754.97,13601.23,2254943.57,1,1,True,5,2,114355.84,13.55,145,False,False,False,False,2024-01-01,2024-12-31,IndusInd Bank,Savings,2024-12-31
2000262,848693.41,559386.28,294294.52,52893.13,3916448.8,1,1,False,4,1,282069.25,37.84,67,False,False,False,False,2024-01-01,2024-12-31,Federal Bank,Savings,2024-12-31
2000263,622005.93,267317.59,1107619.54,59458.1,2291806.47,2,0,True,2,2,196178.21,12.55,100,False,False,False,False,2024-01-01,2024-12-31,HDFC Bank,NRE,2024-12-31
2000264,1156403.23,851818.72,1874162.1,32212.82,3136583.55,0,1,True,4,2,226827.15,37.04,94,False,False,False,True,2024-01-01,2024-12-31,SBI,Savings,2024-12-31
2000265,1157000.21,745442.7,242741.16,27789.16,5188463.14,3,1,True,1,0,293770.56,19.82,15,False,False,False,True,2024-01-01,2024-12-31,Federal Bank,Salary,2024-12-31
2000266,1453735.32,1015535.16,157686.57,81480.0,6443158.09,0,1,True,3,3,194218.22,22.59,165,False,False,False,True,2024-01-01,2024-12-31,Yes Bank,Salary,2024-12-31
2000267,168719.84,176939.35,132631.26,37088.3,966973.07,3,1,True,4,3,34932.73,4.52,168,False,False,False,True,2024-01-01,2024-12-31,ICICI Bank,Salary,2024-12-31
2000268,555896.41,608033.62,1248182.23,150148.06,5291827.45,0,1,False,2,2,171728.05,35.59,192,False,False,False,True,2024-01-01,2024-12-31,IndusInd Bank,Savings,2024-12-31
2000269,486551.8,543687.86,199537.16,86007.96,2256987.69,0,3,True,3,1,104489.13,21.11,12,False,False,False,False,2024-01-01,2024-12-31,SBI,Savings,2024-12-31
2000270,1065867.47,1221706.08,1639036.34,202152.16,5659721.26,0,1,True,4,0,391633.41,10.4,24,True,False,False,True,2024-01-01,2024-12-31,IndusInd Bank,Savings,2024-12-31
2000271,402822.12,325442.46,625522.41,33253.61,1875547.74,4,1,False,3,0,111816.87,16.58,27,False,False,False,False,2024-01-01,2024-12-31,SBI,Savings,2024-12-31
2000272,1398404.67,786022.53,841403.04,224100.35,8647209.3,1,1,False,4,2,163686.03,18.04,30,False,False,False,False,2024-01-01,2024-12-31,Punjab National,Savings,2024-12-31
2000273,1102128.57,1011198.85,2417215.71,204375.48,12067120.97,0,3,True,1,0,146173.62,0.78,10,False,False,False,False,2024-01-01,2024-12-31,Punjab National,Savings,2024-12-31
2000274,473006.07,354154.94,206028.94,138776.42,2501487.57,1,1,True,3,2,200698.76,34.54,186,False,False,False,False,2024-01-01,2024-12-31,Yes Bank,Savings,2024-12-31
2000275,321753.1,198554.39,615819.54,65282.61,2307353.23,3,0,True,2,0,65207.29,16.77,158,False,False,False,False,2024-01-01,2024-12-31,Federal Bank,Current,2024-12-31
2000276,1193140.8,827752.4,2691893.77,317848.73,6754908.29,1,1,False,1,3,558949.71,18.59,36,False,True,False,True,2024-01-01,2024-12-31,Kotak Mahindra,Savings,2024-12-31
2000277,104907.02,44581.06,175023.72,3329.37,376642.51,1,1,True,1,1,9121.51,17.2,158,False,False,False,False,2024-01-01,2024-12-31,IDFC First,Savings,2024-12-31
2000278,1055946.88,705163.42,2337471.53,147117.94,6489526.17,1,1,True,2,3,233841.56,7.24,9,False,False,False,False,2024-01-01,2024-12-31,ICICI Bank,Salary,2024-12-31
2000279,833574.62,783002.05,1191303.95,165901.6,5864999.9,0,1,True,1,1,191878.09,9.2,30,False,False,False,True,2024-01-01,2024-12-31,Yes Bank,OD Account,2024-12-31
2000280,208482.57,163738.04,80330.37,47168.81,994784.2,1,0,True,4,0,104966.12,8.44,173,False,False,False,True,2024-01-01,2024-12-31,IndusInd Bank,Savings,2024-12-31
2000281,1204325.07,977067.29,1263776.75,183268.16,7411533.42,1,1,True,5,2,429887.89,19.34,172,False,False,False,True,2024-01-01,2024-12-31,Axis Bank,Current,2024-12-31
2000282,253235.54,133089.39,434073.64,4637.5,1679294.55,3,1,True,1,2,85512.37,0.49,174,False,False,False,True,2024-01-01,2024-12-31,SBI,Savings,2024-12-31
2000283,1302742.42,632221.07,1879686.98,317056.09,3695376.25,0,1,True,5,0,490129.92,5.88,194,False,False,False,False,2024-01-01,2024-12-31,HDFC Bank,Savings,2024-12-31
2000284,185458.95,178437.44,122801.56,9768.48,708121.44,3,1,True,1,2,34277.37,39.84,52,False,False,False,False,2024-01-01,2024-12-31,HDFC Bank,Salary,2024-12-31
2000285,896214.85,690993.69,2157928.18,121967.4,1609676.16,5,1,True,4,0,269150.72,15.26,165,False,False,False,False,2024-01-01,2024-12-31,Punjab National,Savings,2024-12-31
2000286,613861.62,475474.1,848468.2,31933.73,3473955.7,0,1,True,5,0,264213.29,24.25,9,False,False,False,False,2024-01-01,2024-12-31,IDFC First,Savings,2024-12-31
2000287,285861.92,199697.73,42766.69,15813.41,541455.27,0,1,True,3,2,102284.74,23.33,127,False,False,False,True,2024-01-01,2024-12-31,HDFC Bank,Savings,2024-12-31
2000288,244564.44,111553.27,26349.51,32978.7,1094641.88,0,1,True,5,2,63991.46,9.03,145,False,False,False,False,2024-01-01,2024-12-31,Axis Bank,Savings,2024-12-31
2000289,996195.58,968947.82,628522.82,138463.5,2567993.81,2,1,False,5,3,254420.76,25.9,92,False,False,False,True,2024-01-01,2024-12-31,ICICI Bank,Savings,2024-12-31
2000290,1094920.35,878157.04,859661.07,116449.92,4485853.13,1,1,True,5,2,233942.33,20.52,95,True,False,False,False,2024-01-01,2024-12-31,IndusInd Bank,Salary,2024-12-31
2000291,836687.38,660418.7,1639373.78,161870.79,1494114.1,0,1,True,2,3,110727.66,24.51,83,False,False,False,False,2024-01-01,2024-12-31,Yes Bank,Savings,2024-12-31
2000292,103910.32,86361.28,163556.05,18970.46,875934.65,4,2,False,2,1,8978.95,5.4,163,False,False,False,True,2024-01-01,2024-12-31,ICICI Bank,Savings,2024-12-31
2000293,563737.28,666103.36,279997.28,95208.12,5258854.06,0,3,True,0,0,219273.87,28.57,13,True,False,False,True,2024-01-01,2024-12-31,HDFC Bank,Current,2024-12-31
2000294,886787.65,700312.9,311219.01,66479.2,7628499.9,2,2,True,5,3,224002.4,29.16,93,False,False,False,True,2024-01-01,2024-12-31,Yes Bank,Current,2024-12-31
2000295,609660.61,282627.41,424989.17,46620.42,2362228.23,1,0,True,1,0,155848.61,8.71,94,False,False,False,True,2024-01-01,2024-12-31,Axis Bank,Savings,2024-12-31
2000296,569921.95,272090.77,857980.11,138991.88,1478325.11,1,2,True,4,1,143621.37,1.22,176,False,False,False,False,2024-01-01,2024-12-31,HDFC Bank,Current,2024-12-31
2000297,36178.73,24861.09,75729.88,11035.75,100799.07,2,1,True,3,2,13204.06,18.18,21,False,False,False,False,2024-01-01,2024-12-31,Axis Bank,Salary,2024-12-31
2000298,520907.51,375330.7,1294725.67,66337.9,5235272.27,2,0,True,2,3,198329.36,6.92,12,False,True,False,True,2024-01-01,2024-12-31,Yes Bank,Current,2024-12-31
2000299,1235060.13,714769.83,946355.98,167123.01,9324122.66,0,1,True,5,3,405248.93,12.24,121,False,False,False,True,2024-01-01,2024-12-31,IDFC First,Current,2024-12-31
2000300,1177260.9,667847.17,2061702.25,198009.96,6415488.04,2,3,True,0,3,173770.44,4.0,103,False,False,False,False,2024-01-01,2024-12-31,SBI,Savings,2024-12-31
2000301,1215575.53,739416.18,2516839.85,227459.18,7903903.56,2,2,True,2,2,314730.01,39.01,18,False,False,False,True,2024-01-01,2024-12-31,SBI,Savings,2024-12-31
2000302,899616.46,445419.31,766003.36,136460.27,4014385.23,4,2,False,0,3,160279.6,10.14,10,False,False,False,False,2024-01-01,2024-12-31,IDFC First,Savings,2024-12-31
2000303,844937.42,733685.23,2549771.22,178528.14,8090471.26,0,1,True,0,3,241859.08,34.42,45,False,False,False,True,2024-01-01,2024-12-31,Yes Bank,NRE,2024-12-31
2000304,193404.68,168195.65,140127.56,21562.48,1937550.4,0,1,True,2,0,69374.86,29.8,104,True,False,False,True,2024-01-01,2024-12-31,Punjab National,Savings,2024-12-31
2000305,421965.39,250277.47,412499.43,7956.7,4597386.98,0,1,True,3,3,179793.36,35.06,52,False,False,False,True,2024-01-01,2024-12-31,HDFC Bank,Current,2024-12-31
2000306,1252263.38,1290311.06,2802798.96,31323.44,9433749.1,0,1,True,1,2,242455.14,22.45,144,False,False,False,True,2024-01-01,2024-12-31,ICICI Bank,Savings,2024-12-31
2000307,758316.28,525988.31,793657.89,154239.66,1418833.44,0,1,True,5,0,209082.15,12.7,149,False,False,False,False,2024-01-01,2024-12-31,ICICI Bank,Savings,2024-12-31
2000308,1197422.96,1099088.91,2215483.13,286223.67,9629657.08,0,1,True,1,3,207503.22,1.53,155,False,False,False,True,2024-01-01,2024-12-31,Federal Bank,OD Account,2024-12-31
2000309,38809.62,32204.85,62775.1,8618.31,83679.25,0,1,False,2,2,3232.36,28.61,155,True,False,False,False,2024-01-01,2024-12-31,IDFC First,Savings,2024-12-31
2000310,794913.75,524700.06,1812277.17,64651.92,2244846.5,0,1,True,3,3,320217.48,27.24,160,False,False,False,False,2024-01-01,2024-12-31,IDFC First,NRE,2024-12-31
2000311,726749.48,621161.17,1507719.44,47656.04,1946677.47,0,1,True,5,3,109303.04,32.64,133,False,False,False,False,2024-01-01,2024-12-31,Axis Bank,Savings,2024-12-31
2000312,15030.15,7127.17,12238.83,1902.25,23279.14,0,1,True,4,0,3839.11,11.29,66,False,True,False,False,2024-01-01,2024-12-31,Kotak Mahindra,Savings,2024-12-31
2000313,715462.04,537925.27,2298156.5,157758.19,5031435.56,0,1,True,5,3,273513.08,19.62,186,False,False,False,False,2024-01-01,2024-12-31,HDFC Bank,Savings,2024-12-31
2000314,1655375.36,1306917.94,1100017.22,186608.28,5354847.83,0,1,True,4,1,361595.34,33.31,167,False,False,False,False,2024-01-01,2024-12-31,HDFC Bank,Savings,2024-12-31
2000315,751626.06,779025.8,1972774.31,113647.2,2518705.32,3,1,True,4,0,80283.91,4.25,112,False,False,False,True,2024-01-01,2024-12-31,Federal Bank,NRE,2024-12-31
2000316,866702.42,653238.42,159673.3,152207.23,6450994.25,0,1,True,1,3,302911.63,20.05,28,False,False,False,True,2024-01-01,2024-12-31,Punjab National,Savings,2024-12-31
2000317,183616.7,110023.94,477715.86,38852.84,660892.74,0,1,True,4,3,74644.9,1.35,73,False,False,True,False,2024-01-01,2024-12-31,Yes Bank,Salary,2024-12-31
2000318,371506.25,268260.87,481863.11,12798.28,2518448.55,1,1,False,2,2,131782.08,28.77,107,False,False,False,True,2024-01-01,2024-12-31,Federal Bank,Savings,2024-12-31
2000319,136848.77,120342.48,51633.08,6046.96,542429.65,0,1,True,2,0,26901.12,25.84,121,False,False,False,True,2024-01-01,2024-12-31,Punjab National,Savings,2024-12-31
2000320,409519.22,307077.45,345765.8,15870.87,1219395.16,0,3,True,0,0,130661.55,38.39,57,False,False,False,True,2024-01-01,2024-12-31,Federal Bank,Savings,2024-12-31
2000321,198775.93,109489.24,141886.76,21463.22,1338720.81,2,1,True,4,0,51447.81,2.82,92,False,False,False,False,2024-01-01,2024-12-31,SBI,Savings,2024-12-31
2000322,626811.8,305129.22,404395.22,102779.0,5161747.66,1,0,True,3,2,136412.09,28.56,13,False,False,False,False,2024-01-01,2024-12-31,IndusInd Bank,NRE,2024-12-31
2000323,931209.31,672375.92,2141552.81,226633.43,7035159.12,1,1,True,0,3,168445.56,37.95,77,False,False,False,False,2024-01-01,2024-12-31,Yes Bank,Savings,2024-12-31
2000324,823354.31,720198.31,1363409.9,77292.69,4103244.47,0,1,True,1,2,226409.07,16.82,96,False,True,False,True,2024-01-01,2024-12-31,IndusInd Bank,Salary,2024-12-31
2000325,588360.95,551570.7,1446832.18,39990.21,1682748.35,0,1,True,3,2,171444.45,20.05,129,False,False,False,True,2024-01-01,2024-12-31,Kotak Mahindra,Current,2024-12-31
2000326,884037.8,680304.56,564626.24,210793.18,10239333.32,1,1,True,3,3,235671.76,15.46,21,False,False,False,True,2024-01-01,2024-12-31,Axis Bank,NRE,2024-12-31
2000327,951069.52,516750.57,1244410.53,162741.55,1946133.77,0,3,True,0,3,249767.13,13.56,130,True,False,False,True,2024-01-01,2024-12-31,IDFC First,Salary,2024-12-31
2000328,653937.4,610072.14,1188980.93,169782.32,4249874.06,0,2,True,0,1,92445.76,24.36,28,False,False,False,False,2024-01-01,2024-12-31,ICICI Bank,Salary,2024-12-31
2000329,530652.31,365876.21,1252405.39,10011.37,5856684.15,0,1,True,3,0,93386.9,26.95,111,False,False,False,False,2024-01-01,2024-12-31,IndusInd Bank,Savings,2024-12-31
2000330,1208547.15,1070391.14,1903634.26,30194.12,9208814.42,0,1,True,2,1,371067.16,37.93,99,False,False,False,True,2024-01-01,2024-12-31,HDFC Bank,Savings,2024-12-31
2000331,625350.63,351237.02,531198.73,59304.18,4036719.29,0,1,True,2,2,302479.51,0.9,26,False,False,False,False,2024-01-01,2024-12-31,ICICI Bank,Savings,2024-12-31
2000332,966154.65,353375.73,1010071.44,66979.25,1702515.21,0,1,True,2,2,255333.46,13.71,22,False,True,False,False,2024-01-01,2024-12-31,Punjab National,Salary,2024-12-31
2000333,828723.88,658520.54,770191.61,108150.94,5069727.11,3,1,True,2,2,348397.3,31.58,166,False,False,False,True,2024-01-01,2024-12-31,Kotak Mahindra,Current,2024-12-31
2000334,783899.2,972094.51,620521.46,32395.7,2650323.63,1,2,True,5,1,293176.89,8.69,160,False,False,False,False,2024-01-01,2024-12-31,IDFC First,OD Account,2024-12-31
2000335,935622.89,974888.18,2231320.03,95653.54,6792127.32,0,1,True,5,3,280261.54,34.44,140,True,False,False,True,2024-01-01,2024-12-31,SBI,Current,2024-12-31
2000336,1377426.05,658287.49,2158030.13,258755.8,10341989.73,2,1,False,3,2,170691.1,26.38,23,False,False,False,False,2024-01-01,2024-12-31,IDFC First,Salary,2024-12-31
2000337,1025981.35,862162.54,2285391.86,222947.85,4566927.88,2,1,True,2,3,134676.7,0.27,0,False,True,False,False,2024-01-01,2024-12-31,Punjab National,Current,2024-12-31
2000338,550542.19,522069.1,62262.08,19218.26,1560626.75,2,1,True,3,3,195201.28,26.11,53,False,False,False,False,2024-01-01,2024-12-31,IDFC First,Savings,2024-12-31
2000339,157018.32,80370.42,74259.68,26562.47,1148956.39,0,0,True,3,3,20540.09,0.28,187,False,False,False,False,2024-01-01,2024-12-31,ICICI Bank,Savings,2024-12-31
2000340,726790.94,545467.26,2193758.34,15450.12,6038918.73,0,1,True,2,2,137382.11,23.13,101,True,False,False,False,2024-01-01,2024-12-31,Kotak Mahindra,Salary,2024-12-31
2000341,401760.66,348078.94,84627.13,4560.44,2190144.34,3,2,True,4,3,83190.21,33.19,24,False,False,False,False,2024-01-01,2024-12-31,Federal Bank,Savings,2024-12-31
2000342,689492.53,349412.41,1410790.39,64140.58,1239208.3,1,2,False,1,1,54608.35,27.15,150,False,False,False,True,2024-01-01,2024-12-31,ICICI Bank,Savings,2024-12-31
2000343,1077016.82,775912.6,2649248.26,236857.97,5430242.78,0,0,True,4,1,198196.67,6.29,53,False,False,False,False,2024-01-01,2024-12-31,Punjab National,Savings,2024-12-31
2000344,989637.91,617511.43,1286122.89,211014.76,5930384.82,1,1,True,5,0,212605.72,23.72,70,False,False,False,True,2024-01-01,2024-12-31,Axis Bank,OD Account,2024-12-31
2000345,76236.5,63164.97,83056.2,3497.9,445765.05,0,1,True,3,2,17996.09,1.08,41,False,False,False,True,2024-01-01,2024-12-31,ICICI Bank,Savings,2024-12-31
2000346,1009181.15,704193.24,315870.54,150727.62,5076819.86,4,1,True,0,1,316605.01,24.41,107,False,False,False,False,2024-01-01,2024-12-31,SBI,Savings,2024-12-31
2000347,643625.73,510383.04,1302077.71,85537.89,2652364.57,1,1,True,0,1,56315.32,10.72,81,False,False,False,True,2024-01-01,2024-12-31,ICICI Bank,Salary,2024-12-31
2000348,87771.17,78486.83,254518.01,4328.66,572514.28,4,1,True,2,2,27546.44,37.42,29,False,False,False,True,2024-01-01,2024-12-31,Federal Bank,Salary,2024-12-31
2000349,1295579.56,1096853.93,1890426.25,295145.97,2359008.27,1,2,False,0,3,256615.61,0.94,110,False,False,False,True,2024-01-01,2024-12-31,SBI,Savings,2024-12-31
2000350,1088178.65,1294787.17,3389670.62,247006.87,8099512.15,0,1,True,3,0,323434.5,16.5,179,False,False,False,True,2024-01-01,2024-12-31,HDFC Bank,Salary,2024-12-31
2000351,1440781.88,1218493.86,212509.43,74023.88,9920721.22,3,2,True,1,1,194323.62,20.37,31,False,False,False,False,2024-01-01,2024-12-31,Axis Bank,Salary,2024-12-31
2000352,708702.45,631218.07,2148033.4,111834.43,7043091.22,2,1,True,0,3,147887.17,5.55,52,True,False,False,False,2024-01-01,2024-12-31,Punjab National,Salary,2024-12-31
2000353,1362840.69,753078.16,2277676.92,166938.25,2456914.47,2,1,True,3,0,181829.25,25.24,26,False,False,False,False,2024-01-01,2024-12-31,Axis Bank,Savings,2024-12-31
2000354,383173.33,371933.22,296648.33,58955.99,2287723.88,0,1,True,2,3,173392.81,5.28,38,False,False,False,True,2024-01-01,2024-12-31,Punjab National,Savings,2024-12-31
2000355,1000024.31,895186.64,297566.6,181869.67,7209175.0,1,1,True,4,1,318157.0,39.92,39,False,False,False,True,2024-01-01,2024-12-31,Federal Bank,Salary,2024-12-31
2000356,873567.55,638849.48,2178896.47,31769.33,2884035.71,0,1,True,0,3,252128.81,20.39,31,False,False,False,False,2024-01-01,2024-12-31,Kotak Mahindra,Salary,2024-12-31
2000357,251734.18,126314.32,54868.75,51716.54,519063.05,0,1,True,4,3,81617.01,28.57,168,False,False,False,False,2024-01-01,2024-12-31,IDFC First,Savings,2024-12-31
2000358,919493.62,575181.69,1724086.11,152483.07,1796221.75,0,1,False,2,0,168554.23,15.6,85,False,False,False,True,2024-01-01,2024-12-31,HDFC Bank,Savings,2024-12-31
2000359,604247.72,556640.32,678569.31,69642.28,2235321.88,2,1,True,5,3,158151.6,20.5,8,False,False,False,True,2024-01-01,2024-12-31,Kotak Mahindra,Salary,2024-12-31
2000360,1187048.33,737270.68,2303415.14,88245.46,6595919.8,0,1,False,0,3,260177.04,1.96,70,False,False,False,True,2024-01-01,2024-12-31,Federal Bank,Savings,2024-12-31
2000361,585715.02,454412.53,441719.24,87409.76,2923047.4,0,2,True,0,0,187956.52,37.08,80,False,False,False,True,2024-01-01,2024-12-31,Federal Bank,OD Account,2024-12-31
2000362,1328977.9,1059132.58,2688380.01,192398.08,8367568.16,0,1,True,0,2,228723.19,32.44,148,False,False,False,True,2024-01-01,2024-12-31,IDFC First,Current,2024-12-31
2000363,17618.74,15539.03,12315.33,1065.66,120969.2,0,3,True,5,2,4744.3,13.27,191,False,False,False,True,2024-01-01,2024-12-31,IndusInd Bank,Salary,2024-12-31
2000364,86192.45,66151.77,167829.86,5071.77,554194.08,0,1,True,5,2,17430.66,27.8,178,False,False,False,True,2024-01-01,2024-12-31,Federal Bank,Savings,2024-12-31
2000365,845985.94,469915.37,2006600.91,117938.89,3797380.43,0,2,True,2,2,420293.1,30.62,59,False,False,False,False,2024-01-01,2024-12-31,Federal Bank,Savings,2024-12-31
2000366,117413.12,78181.89,17187.95,9333.85,1181371.13,1,0,True,1,2,27094.71,33.98,90,False,False,False,True,2024-01-01,2024-12-31,SBI,Salary,2024-12-31
2000367,914651.38,464622.84,1941675.89,54693.49,4887757.21,0,2,True,4,1,281846.16,29.92,113,False,False,False,False,2024-01-01,2024-12-31,Yes Bank,Salary,2024-12-31
2000368,918057.22,766388.01,2098783.42,134459.04,1999513.4,2,1,False,5,3,315254.41,4.31,160,True,False,False,False,2024-01-01,2024-12-31,SBI,Salary,2024-12-31
2000369,845883.47,612091.33,922828.11,70039.57,6591883.02,0,1,True,1,2,163266.46,5.62,42,False,False,False,False,2024-01-01,2024-12-31,IDFC First,OD Account,2024-12-31
2000370,151503.01,99939.28,179141.85,29986.04,942000.46,1,1,True,1,0,61720.71,13.34,7,False,False,False,True,2024-01-01,2024-12-31,HDFC Bank,Salary,2024-12-31
2000371,288276.56,232653.76,174723.19,15225.61,570757.98,0,3,True,5,3,110060.08,2.29,10,False,False,False,True,2024-01-01,2024-12-31,Axis Bank,OD Account,2024-12-31
2000372,1206557.51,860684.09,2544021.06,248245.23,2570038.74,0,2,True,5,3,143507.94,18.5,172,False,False,False,False,2024-01-01,2024-12-31,Punjab National,Salary,2024-12-31
2000373,1197360.73,839389.02,1997123.18,185462.47,10418305.18,3,1,True,2,0,561023.3,24.96,132,False,False,False,True,2024-01-01,2024-12-31,Kotak Mahindra,Savings,2024-12-31
2000374,1055969.67,549049.07,525634.43,197657.65,7396340.61,0,1,True,5,1,106438.89,9.18,79,False,False,False,False,2024-01-01,2024-12-31,ICICI Bank,Current,2024-12-31
2000375,882469.89,722784.93,1104411.32,139996.48,4182610.23,4,1,True,3,0,318885.25,31.47,168,False,False,False,True,2024-01-01,2024-12-31,Federal Bank,NRE,2024-12-31
2000376,692533.23,585848.09,434128.03,45709.46,3960953.07,2,2,True,5,2,256200.87,33.03,73,False,False,False,False,2024-01-01,2024-12-31,HDFC Bank,Salary,2024-12-31
2000377,1618030.65,786527.3,858089.32,167769.65,5246576.51,0,1,False,1,1,334655.91,15.56,56,False,False,False,False,2024-01-01,2024-12-31,ICICI Bank,Salary,2024-12-31
2000378,726614.61,537640.73,1199989.74,134020.47,5982513.42,1,1,False,1,3,185989.29,32.55,182,False,False,False,True,2024-01-01,2024-12-31,IDFC First,Savings,2024-12-31
2000379,604849.24,419101.89,423390.72,151661.37,6117685.24,1,1,True,2,0,122353.28,17.52,185,False,False,False,True,2024-01-01,2024-12-31,HDFC Bank,Savings,2024-12-31
2000380,479683.61,396906.57,762931.57,99225.71,845151.0,0,1,True,2,0,95214.35,18.18,138,False,False,False,True,2024-01-01,2024-12-31,Kotak Mahindra,Savings,2024-12-31
2000381,62251.97,53473.92,15228.82,18361.2,210914.55,2,2,True,2,3,8971.08,18.85,193,False,False,False,True,2024-01-01,2024-12-31,IDFC First,Savings,2024-12-31
2000382,684898.25,548083.99,761831.07,36048.36,1806467.81,0,1,True,5,2,228203.05,15.65,126,False,False,False,False,2024-01-01,2024-12-31,SBI,Savings,2024-12-31
2000383,481022.43,353807.58,379051.81,12359.27,3751081.65,0,1,True,2,3,98575.52,21.03,2,False,False,False,False,2024-01-01,2024-12-31,Punjab National,Savings,2024-12-31
2000384,499796.11,438080.53,1786864.58,33224.82,1821920.94,3,1,True,2,0,225804.23,4.49,66,False,False,False,False,2024-01-01,2024-12-31,HDFC Bank,Savings,2024-12-31
2000385,1282448.27,836180.18,759127.88,18368.82,8264919.2,2,3,True,3,1,462886.73,19.36,61,False,False,False,True,2024-01-01,2024-12-31,IndusInd Bank,NRE,2024-12-31
2000386,878549.6,343175.31,76956.67,127641.3,4056975.54,0,1,True,1,3,225021.56,16.12,104,False,False,False,True,2024-01-01,2024-12-31,Federal Bank,Savings,2024-12-31
2000387,712907.96,780082.72,583835.88,113627.3,4850359.83,2,1,True,4,3,127389.58,37.67,163,False,False,False,True,2024-01-01,2024-12-31,IDFC First,Salary,2024-12-31
2000388,737585.22,713917.77,1946261.29,131025.89,2758971.74,0,2,True,5,2,359887.63,11.37,1,False,False,False,False,2024-01-01,2024-12-31,Kotak Mahindra,Savings,2024-12-31
2000389,637124.13,763126.45,1336539.48,196700.67,4163052.22,0,1,True,3,2,324631.54,19.29,88,False,False,False,True,2024-01-01,2024-12-31,Punjab National,NRE,2024-12-31
2000390,201695.55,101397.93,458316.38,11072.25,522672.67,1,1,True,0,2,42026.93,20.31,88,False,False,False,False,2024-01-01,2024-12-31,Axis Bank,Current,2024-12-31
2000391,197072.04,153865.46,287152.77,11366.95,526329.8,0,1,True,2,1,80324.49,0.06,64,False,False,False,False,2024-01-01,2024-12-31,ICICI Bank,OD Account,2024-12-31
2000392,542983.03,377425.22,89325.13,35713.42,3439078.01,5,1,True,5,0,117856.03,12.28,85,False,False,False,True,2024-01-01,2024-12-31,SBI,Salary,2024-12-31
2000393,670005.43,366026.7,1185163.43,95998.18,3641595.2,2,1,True,3,0,203467.42,32.32,23,False,False,False,True,2024-01-01,2024-12-31,Yes Bank,Salary,2024-12-31
2000394,557703.66,461013.15,688610.96,37636.39,3620749.55,3,1,True,0,3,168735.46,4.03,91,True,False,False,False,2024-01-01,2024-12-31,Federal Bank,Current,2024-12-31
2000395,510526.16,333423.6,855373.74,119114.25,3277246.87,3,1,True,5,2,200414.02,12.49,64,False,False,True,True,2024-01-01,2024-12-31,HDFC Bank,Current,2024-12-31
2000396,119645.65,47563.02,124089.38,5431.5,461302.45,0,1,True,0,1,30169.72,21.37,37,True,False,False,True,2024-01-01,2024-12-31,Axis Bank,Savings,2024-12-31
2000397,332836.49,260260.35,61160.84,73536.6,1976446.53,0,3,True,1,1,108941.2,9.56,77,False,False,False,False,2024-01-01,2024-12-31,IndusInd Bank,Savings,2024-12-31
2000398,578838.27,351850.62,673027.62,176702.24,2015848.98,0,1,True,4,3,256024.32,1.13,56,False,False,False,True,2024-01-01,2024-12-31,HDFC Bank,Savings,2024-12-31
2000399,120988.49,77608.66,85167.74,23445.14,737047.58,2,1,True,5,0,18199.02,37.32,39,False,False,False,False,2024-01-01,2024-12-31,IndusInd Bank,OD Account,2024-12-31
