customer_id,bureau_agency,bureau_score,score_version,total_tradelines,secured_tradelines,unsecured_tradelines,credit_card_tradelines,total_outstanding,total_sanctioned_limit,credit_utilisation_pct,recent_enquiries_3m,recent_enquiries_6m,max_dpd_12m,max_dpd_24m,number_of_defaults,oldest_account_vintage_months,written_off_accounts,suit_filed_flag,wilful_default_flag,bureau_pull_date,load_date
2000000,Equifax,783,Equifax v5,1,7,4,4,19416470.09,11823303.24,96.96,8,1,0,0,0,208,0,False,False,2024-12-09,2024-12-31
2000001,Equifax,641,CIBIL V2.0,14,0,4,1,5375087.98,4156443.3,96.12,4,6,0,180,0,57,0,False,False,2024-08-17,2024-12-31
2000002,Equifax,885,CIBIL V3.0,9,4,4,0,10465368.89,25872131.35,74.12,7,2,0,180,0,12,0,False,False,2024-02-07,2024-12-31
2000003,Equifax,601,Equifax v5,15,4,0,4,9944517.7,16278360.9,95.45,3,6,0,180,0,121,0,False,False,2024-03-23,2024-12-31
2000004,Equifax,874,CIBIL V3.0,11,0,1,0,14702898.79,1559192.37,16.89,5,4,1,180,0,27,0,False,False,2024-02-27,2024-12-31
2000005,Equifax,894,Experian v4,13,6,3,1,4945523.52,3263284.34,91.91,7,9,2,0,0,113,1,False,False,2024-08-27,2024-12-31
2000006,CIBIL TransUnion,374,Experian v4,15,3,3,3,1229164.7,3749877.17,63.38,6,3,1,10,0,207,0,False,False,2024-05-12,2024-12-31
2000007,CRIF Highmark,713,Experian v4,7,2,6,5,13981767.68,1714490.91,31.2,5,2,0,0,0,107,0,False,False,2024-05-20,2024-12-31
2000008,CRIF Highmark,331,CIBIL V2.0,9,3,0,3,4938381.51,27091270.51,42.03,0,11,0,1,0,168,1,False,False,2024-09-21,2024-12-31
2000009,Equifax,624,Experian v4,14,2,5,2,19359691.53,6963260.78,25.34,8,6,1,0,0,7,0,False,False,2024-08-14,2024-12-31
2000010,Equifax,674,CIBIL V3.0,2,7,5,5,17782193.96,10174116.76,41.89,7,4,0,0,0,174,0,False,False,2024-05-03,2024-12-31
2000011,CRIF Highmark,565,CIBIL V2.0,4,7,5,1,7848971.17,18416166.08,41.68,5,7,0,180,0,170,0,False,False,2024-10-09,2024-12-31
2000012,Experian,764,CIBIL V3.0,8,6,6,0,7526064.81,6570698.8,50.19,8,1,3,1,1,44,0,False,False,2024-06-05,2024-12-31
2000013,Experian,722,CIBIL V3.0,5,6,0,5,7539428.0,6845109.88,51.37,8,0,0,0,0,204,0,False,False,2024-05-07,2024-12-31
2000014,CRIF Highmark,740,CIBIL V2.0,1,7,4,4,15350283.2,6477083.43,76.85,0,6,0,1,0,58,1,False,False,2024-02-07,2024-12-31
2000015,CRIF Highmark,469,Experian v4,8,6,1,0,4872197.54,1865168.78,16.32,0,1,0,5,0,87,0,False,False,2024-12-22,2024-12-31
2000016,Experian,604,Experian v4,11,6,7,2,188816.29,177681.91,61.79,0,4,0,2,2,23,0,False,False,2024-04-24,2024-12-31
2000017,CRIF Highmark,653,CIBIL V3.0,5,0,5,0,17773091.82,1140885.53,34.94,2,3,1,0,0,150,0,False,False,2024-03-04,2024-12-31
2000018,CRIF Highmark,657,CIBIL V3.0,10,6,1,5,9355840.5,10031251.31,55.58,1,4,0,0,1,62,0,False,False,2024-02-20,2024-12-31
2000019,Experian,603,CIBIL V3.0,11,2,4,3,6132508.95,11922776.37,91.6,7,9,0,1,0,96,0,False,False,2024-12-25,2024-12-31
2000020,CRIF Highmark,647,Equifax v5,14,8,0,4,9884799.5,19041138.92,28.99,7,8,120,180,0,172,0,False,False,2024-08-10,2024-12-31
2000021,Equifax,736,Experian v4,13,7,2,0,2623926.86,6217822.0,31.64,1,0,0,180,0,218,1,False,False,2024-02-15,2024-12-31
2000022,Experian,584,CIBIL V3.0,2,3,6,1,13708738.68,19815951.78,28.9,2,3,5,5,0,40,0,False,False,2024-02-27,2024-12-31
2000023,CIBIL TransUnion,367,Equifax v5,7,2,5,5,17815697.93,29459400.74,87.42,3,10,0,30,1,111,0,True,False,2024-04-26,2024-12-31
2000024,CRIF Highmark,894,Equifax v5,3,1,1,4,18180777.81,657495.54,61.31,4,3,10,1,0,83,0,False,False,2024-10-22,2024-12-31
2000025,CIBIL TransUnion,810,Equifax v5,3,4,4,0,10562749.85,22533845.6,6.92,6,12,0,0,0,93,1,True,False,2024-09-10,2024-12-31
2000026,CRIF Highmark,771,CIBIL V2.0,2,3,4,1,1538639.42,6726318.53,18.39,3,1,0,0,0,194,0,False,False,2024-07-06,2024-12-31
2000027,Experian,775,Experian v4,15,7,2,3,3326429.39,8140133.53,44.47,3,9,0,0,3,119,0,False,False,2024-04-11,2024-12-31
2000028,Experian,330,Experian v4,15,0,3,3,5736430.96,22540370.11,4.04,2,10,60,60,0,8,0,False,False,2024-11-17,2024-12-31
2000029,CRIF Highmark,874,Equifax v5,6,1,7,1,9682628.18,15002417.94,70.72,3,2,1,180,0,104,0,False,False,2024-02-25,2024-12-31
2000030,CIBIL TransUnion,562,CIBIL V2.0,2,5,0,1,18558323.32,5513168.68,94.91,3,0,1,0,0,63,0,False,False,2024-06-02,2024-12-31
2000031,Experian,627,CIBIL V2.0,10,0,6,3,11417329.06,16504193.56,93.2,4,12,1,0,0,110,1,False,False,2024-07-07,2024-12-31
2000032,CIBIL TransUnion,429,Equifax v5,11,2,3,0,252922.92,4156427.06,50.34,4,9,120,0,0,212,0,False,False,2024-01-22,2024-12-31
2000033,Experian,691,CIBIL V3.0,14,8,0,1,14236998.48,29041830.48,68.43,4,0,120,0,0,90,0,False,False,2024-09-04,2024-12-31
2000034,Experian,653,Equifax v5,14,4,6,2,6029424.54,29225905.4,15.29,1,6,1,60,0,209,0,False,False,2024-10-25,2024-12-31
2000035,Experian,837,Experian v4,9,5,6,1,17064640.58,14237310.4,12.86,3,11,0,0,3,109,0,False,False,2024-05-26,2024-12-31
2000036,CRIF Highmark,720,Experian v4,9,1,0,0,1546713.82,11099836.4,30.84,5,1,0,180,0,128,0,False,False,2024-01-20,2024-12-31
2000037,CIBIL TransUnion,759,CIBIL V3.0,3,8,7,5,15217305.73,13282537.2,52.24,6,11,0,1,2,66,0,False,False,2024-07-10,2024-12-31
2000038,CIBIL TransUnion,788,Experian v4,12,5,7,1,3175438.52,28248935.01,18.42,2,6,10,0,2,79,0,False,False,2024-09-28,2024-12-31
2000039,Experian,713,CIBIL V2.0,15,1,2,2,2981958.42,9360572.44,18.84,0,11,0,5,0,90,0,False,False,2024-09-18,2024-12-31
2000040,CIBIL TransUnion,612,CIBIL V3.0,12,3,4,4,5825245.9,20934122.66,7.95,6,7,0,3,1,18,0,False,False,2024-01-21,2024-12-31
2000041,Experian,463,Equifax v5,5,0,3,0,8739661.07,8705842.37,86.34,7,12,0,0,0,34,2,False,False,2024-08-16,2024-12-31
2000042,Equifax,743,CIBIL V2.0,6,0,2,0,10232442.53,28370318.93,92.43,8,2,0,0,0,127,0,False,False,2024-02-15,2024-12-31
2000043,CIBIL TransUnion,739,Experian v4,5,0,3,0,3894366.64,29305540.61,22.19,5,5,1,10,0,120,0,False,False,2024-12-23,2024-12-31
2000044,CIBIL TransUnion,626,CIBIL V2.0,11,6,4,1,44736.21,5245359.91,14.21,5,9,0,0,1,124,1,False,False,2024-02-14,2024-12-31
2000045,CIBIL TransUnion,395,CIBIL V2.0,12,1,3,5,16209251.58,6757506.44,16.22,2,3,0,0,0,132,0,False,False,2024-08-08,2024-12-31
2000046,CRIF Highmark,771,CIBIL V2.0,13,2,6,3,14095635.16,26473723.91,85.4,1,6,0,1,0,155,1,False,False,2024-04-26,2024-12-31
2000047,CRIF Highmark,890,CIBIL V3.0,5,8,4,1,11442931.95,21718388.87,70.05,0,9,30,0,0,123,0,False,False,2024-06-28,2024-12-31
2000048,CIBIL TransUnion,872,Equifax v5,2,0,1,3,15149544.9,24722989.86,20.01,5,9,2,2,1,22,0,False,False,2024-03-20,2024-12-31
2000049,Experian,439,CIBIL V3.0,11,5,3,2,3016345.0,8289728.03,60.36,0,11,0,180,0,192,0,False,False,2024-08-01,2024-12-31
2000050,CRIF Highmark,583,CIBIL V2.0,11,5,7,5,9133481.95,17693532.73,21.17,2,4,0,3,0,74,0,False,False,2024-10-28,2024-12-31
2000051,CRIF Highmark,699,CIBIL V2.0,2,2,6,3,11402844.89,18407877.23,83.17,0,5,0,0,3,208,0,False,False,2024-03-13,2024-12-31
2000052,CIBIL TransUnion,761,CIBIL V3.0,3,5,5,0,16443804.68,11295530.47,79.1,1,7,1,0,0,161,0,False,False,2024-11-11,2024-12-31
2000053,CRIF Highmark,785,Equifax v5,1,2,2,4,8046277.8,2269414.55,35.56,0,1,2,0,0,176,0,False,False,2024-02-19,2024-12-31
2000054,CIBIL TransUnion,826,Equifax v5,2,3,7,3,9606736.87,18721861.95,51.98,4,0,0,60,0,44,0,False,False,2024-07-25,2024-12-31
2000055,CRIF Highmark,781,CIBIL V3.0,6,4,3,0,14050953.19,2324690.75,14.87,6,9,0,0,0,70,1,False,False,2024-01-07,2024-12-31
2000056,Equifax,741,CIBIL V2.0,10,8,2,1,1305561.18,12229710.81,13.87,5,9,10,0,0,8,0,False,False,2024-05-30,2024-12-31
2000057,CRIF Highmark,741,Experian v4,10,3,3,2,17762457.89,12242117.72,88.03,2,5,1,0,0,84,1,True,False,2024-04-10,2024-12-31
2000058,CRIF Highmark,559,Equifax v5,14,0,3,4,19142942.46,23881303.8,56.27,6,12,0,10,0,60,1,False,False,2024-02-02,2024-12-31
2000059,CRIF Highmark,487,Equifax v5,12,3,1,4,13652960.07,9722560.75,97.67,0,9,0,2,1,81,1,False,False,2024-09-11,2024-12-31
2000060,CIBIL TransUnion,697,Experian v4,15,3,7,3,7235650.9,6580984.16,59.51,4,10,0,180,1,240,0,False,False,2024-04-08,2024-12-31
2000061,Equifax,891,CIBIL V3.0,4,5,0,3,11517315.02,15809328.8,29.02,4,3,0,1,0,88,1,False,False,2024-03-31,2024-12-31
2000062,CIBIL TransUnion,684,Equifax v5,7,4,4,4,7298929.09,19282976.9,40.67,7,12,0,120,0,49,0,False,False,2024-06-10,2024-12-31
2000063,CIBIL TransUnion,480,CIBIL V2.0,2,8,3,3,1119719.8,29634178.71,96.44,7,0,3,3,1,92,0,False,False,2024-06-20,2024-12-31
2000064,Equifax,555,CIBIL V3.0,15,3,6,0,19452414.56,9485679.4,60.78,1,3,1,2,0,96,0,False,False,2024-02-13,2024-12-31
2000065,CIBIL TransUnion,706,CIBIL V2.0,6,0,4,5,6159550.95,5161510.27,54.28,6,4,60,1,1,14,0,False,False,2024-07-22,2024-12-31
2000066,Equifax,771,CIBIL V2.0,10,7,2,3,3807761.27,21282435.06,35.72,6,5,5,0,0,148,0,False,False,2024-09-30,2024-12-31
2000067,CRIF Highmark,822,CIBIL V3.0,3,0,5,0,2421404.08,2620340.9,2.17,2,6,0,5,0,123,1,False,False,2024-03-31,2024-12-31
2000068,CRIF Highmark,387,Equifax v5,4,7,7,2,6943458.29,10870349.59,77.86,4,11,0,5,0,223,0,False,False,2024-02-16,2024-12-31
2000069,Experian,672,Experian v4,3,2,3,4,7955861.86,25877046.7,57.44,1,8,0,2,2,195,0,False,False,2024-05-07,2024-12-31
2000070,Experian,879,Equifax v5,6,1,3,0,15592858.92,23444542.58,52.01,6,2,10,1,4,224,0,False,False,2024-08-26,2024-12-31
2000071,Equifax,885,Experian v4,11,0,7,4,5202863.95,10401659.99,61.52,4,1,0,180,2,82,1,False,False,2024-10-05,2024-12-31
2000072,CRIF Highmark,624,Equifax v5,12,2,0,3,19111837.41,25364600.35,46.06,0,11,0,5,0,86,0,False,False,2024-01-01,2024-12-31
2000073,CIBIL TransUnion,631,Experian v4,14,7,7,5,1260304.89,27044154.33,23.22,2,8,0,0,0,219,1,False,False,2024-11-15,2024-12-31
2000074,CIBIL TransUnion,663,Experian v4,5,7,1,3,13789148.1,24055940.14,87.9,1,6,0,1,0,140,0,False,False,2024-06-21,2024-12-31
2000075,CRIF Highmark,842,CIBIL V2.0,1,8,0,2,5683506.42,6149397.62,73.64,3,5,2,30,0,112,0,False,False,2024-08-16,2024-12-31
2000076,Experian,701,Experian v4,13,5,3,0,630289.12,24279426.32,45.81,3,4,0,0,0,175,0,False,False,2024-03-03,2024-12-31
2000077,Equifax,553,CIBIL V3.0,13,8,0,0,15093928.96,25983123.12,54.02,7,11,0,0,4,33,1,False,False,2024-01-13,2024-12-31
2000078,CRIF Highmark,877,Experian v4,6,8,6,0,16467188.08,17115495.54,65.99,4,2,3,0,2,81,0,False,False,2024-12-07,2024-12-31
2000079,Experian,860,Experian v4,4,6,5,2,2986050.27,701829.05,18.94,8,4,10,0,0,96,0,False,False,2024-02-02,2024-12-31
2000080,Equifax,745,Equifax v5,8,2,3,4,301413.05,19716546.51,28.87,4,1,0,5,0,218,0,False,False,2024-11-30,2024-12-31
2000081,Equifax,754,Equifax v5,4,5,4,3,7994194.53,16098810.31,53.68,8,12,3,120,1,192,0,False,False,2024-10-17,2024-12-31
2000082,Equifax,845,Equifax v5,15,7,3,3,339745.12,20395421.16,10.86,7,6,5,1,0,41,0,False,False,2024-09-03,2024-12-31
2000083,Experian,543,Experian v4,6,1,4,2,11069707.25,27627064.87,32.82,1,8,0,2,4,162,0,False,False,2024-07-12,2024-12-31
2000084,CIBIL TransUnion,587,CIBIL V2.0,11,1,0,3,14379235.99,17044904.62,27.22,8,3,0,90,0,114,0,False,False,2024-02-03,2024-12-31
2000085,Experian,829,Equifax v5,1,3,4,2,1099769.57,11205647.29,94.59,8,11,0,0,0,238,0,False,False,2024-04-16,2024-12-31
2000086,CRIF Highmark,748,Experian v4,3,2,5,3,9834759.47,29746216.36,51.06,0,4,10,0,0,58,0,False,False,2024-03-27,2024-12-31
2000087,CIBIL TransUnion,445,CIBIL V2.0,14,3,6,5,10278100.78,4918820.68,39.73,2,3,0,0,0,79,0,False,False,2024-06-16,2024-12-31
2000088,CRIF Highmark,637,CIBIL V3.0,4,5,5,1,19252336.93,27773682.22,93.46,4,4,10,5,0,16,0,False,False,2024-04-12,2024-12-31
2000089,CIBIL TransUnion,881,Equifax v5,9,8,0,0,17168346.62,14188767.09,8.61,8,11,0,2,0,16,0,False,False,2024-04-11,2024-12-31
2000090,Equifax,646,CIBIL V2.0,5,0,7,3,2199498.69,7604678.85,14.33,0,5,0,0,1,27,0,False,False,2024-05-13,2024-12-31
2000091,CRIF Highmark,837,CIBIL V3.0,13,2,1,0,14372974.92,16426984.72,4.25,7,8,10,120,0,204,2,False,False,2024-11-02,2024-12-31
2000092,Experian,439,CIBIL V3.0,2,7,6,4,16867028.24,23947256.49,93.73,3,8,10,0,3,140,0,False,False,2024-02-12,2024-12-31
2000093,Equifax,757,CIBIL V2.0,2,8,6,0,6750282.8,7151566.08,98.13,0,10,0,30,0,222,0,False,False,2024-12-16,2024-12-31
2000094,CIBIL TransUnion,678,CIBIL V3.0,5,7,0,0,10118624.74,11894212.05,19.11,4,10,0,0,0,175,2,True,False,2024-08-22,2024-12-31
2000095,Experian,655,CIBIL V3.0,12,5,3,0,1499188.6,15235576.87,25.47,7,0,0,2,0,129,0,False,False,2024-05-31,2024-12-31
2000096,Experian,801,Experian v4,3,8,7,2,16942760.0,12168513.9,20.14,1,11,0,0,0,104,0,False,False,2024-02-16,2024-12-31
2000097,CIBIL TransUnion,776,Experian v4,5,0,5,3,12040857.21,2534381.17,22.93,3,4,1,0,0,85,0,False,False,2024-02-26,2024-12-31
2000098,Experian,719,CIBIL V3.0,2,6,5,4,10020013.91,2592439.31,73.58,7,12,120,2,0,56,0,False,False,2024-09-24,2024-12-31
2000099,Experian,721,Equifax v5,10,2,0,3,17772085.11,18561848.92,38.21,8,2,0,0,1,168,1,False,False,2024-04-21,2024-12-31
2000100,Equifax,443,CIBIL V3.0,6,0,4,1,5573063.44,5559801.68,86.17,1,2,0,2,4,52,0,False,False,2024-02-18,2024-12-31
2000101,CRIF Highmark,569,CIBIL V2.0,11,5,4,1,4185920.24,2846591.92,32.07,5,10,5,0,0,184,0,False,False,2024-04-03,2024-12-31
2000102,CIBIL TransUnion,529,CIBIL V2.0,6,0,4,5,14716997.15,22338927.98,68.79,1,6,1,1,0,201,2,False,False,2024-02-21,2024-12-31
2000103,CRIF Highmark,752,CIBIL V3.0,9,5,1,2,16193356.81,6588615.92,62.85,5,6,0,30,0,94,0,False,False,2024-06-03,2024-12-31
2000104,Equifax,678,Experian v4,6,6,3,3,11112357.94,1205220.67,52.03,1,11,0,0,2,7,0,False,False,2024-02-19,2024-12-31
2000105,Experian,541,Equifax v5,13,2,3,3,2202763.94,23067210.99,36.58,7,7,0,0,0,125,0,False,False,2024-10-15,2024-12-31
2000106,Equifax,791,Equifax v5,6,5,2,1,15122464.27,334831.46,24.33,3,11,2,3,0,51,0,False,False,2024-02-22,2024-12-31
2000107,Experian,795,Experian v4,10,3,4,0,12599181.68,10671479.74,50.66,2,2,0,0,0,100,0,True,False,2024-01-01,2024-12-31
2000108,Equifax,784,CIBIL V2.0,7,6,5,4,15755688.5,25295868.14,34.2,1,11,0,0,0,31,0,False,False,2024-10-09,2024-12-31
2000109,Experian,675,CIBIL V2.0,8,4,4,3,14463654.31,27792185.16,25.15,5,2,0,3,0,175,0,False,False,2024-04-27,2024-12-31
2000110,CIBIL TransUnion,724,CIBIL V2.0,8,6,4,0,13859746.97,9810743.63,55.8,0,11,30,0,2,95,0,False,False,2024-06-21,2024-12-31
2000111,CRIF Highmark,640,Equifax v5,9,5,3,0,5534679.49,9451203.15,46.53,5,10,1,180,4,22,0,False,False,2024-03-10,2024-12-31
2000112,Experian,748,CIBIL V3.0,6,0,5,0,17394302.8,3855953.62,46.47,8,10,2,0,0,206,0,False,False,2024-01-13,2024-12-31
2000113,CRIF Highmark,642,CIBIL V2.0,6,3,2,5,1286636.08,13885262.88,27.23,5,6,0,3,0,110,0,False,False,2024-11-22,2024-12-31
2000114,CRIF Highmark,694,Equifax v5,13,8,1,1,10128520.07,29999358.43,87.2,1,0,0,0,0,85,0,False,False,2024-04-29,2024-12-31
2000115,CIBIL TransUnion,821,CIBIL V2.0,12,3,1,4,420778.92,9516443.81,55.64,8,2,0,0,0,10,0,False,False,2024-01-28,2024-12-31
2000116,CRIF Highmark,668,CIBIL V2.0,3,5,6,1,9501483.71,15276482.94,9.28,6,9,0,3,0,119,0,False,False,2024-09-09,2024-12-31
2000117,CRIF Highmark,787,Experian v4,9,4,0,4,7215980.02,22526340.75,18.02,6,1,90,1,0,110,0,False,False,2024-09-01,2024-12-31
2000118,CRIF Highmark,660,Equifax v5,3,8,2,2,2091367.52,29890012.1,73.38,7,8,2,0,2,73,0,False,False,2024-11-01,2024-12-31
2000119,CRIF Highmark,536,Equifax v5,12,2,4,0,18032832.24,10758436.76,92.83,5,7,0,0,0,103,0,False,False,2024-10-16,2024-12-31
2000120,CRIF Highmark,481,Experian v4,6,5,1,2,8617769.76,10861229.42,58.77,3,1,0,180,0,158,2,False,False,2024-10-22,2024-12-31
2000121,CIBIL TransUnion,815,Experian v4,11,3,0,2,13292939.44,21664877.21,38.06,5,4,0,60,0,149,0,False,False,2024-09-09,2024-12-31
2000122,CIBIL TransUnion,573,Equifax v5,10,7,5,5,8226588.57,20061835.56,88.19,1,12,0,0,1,82,1,False,False,2024-12-24,2024-12-31
2000123,CIBIL TransUnion,624,CIBIL V3.0,11,3,4,3,5198453.61,19960373.51,36.4,0,0,0,90,0,97,0,True,False,2024-01-19,2024-12-31
2000124,Equifax,531,CIBIL V3.0,13,6,3,2,10524233.94,2521942.25,72.03,5,8,0,1,4,55,0,True,False,2024-10-10,2024-12-31
2000125,Experian,697,Experian v4,2,3,7,0,8848943.79,14145361.07,22.89,3,0,3,0,0,135,0,False,False,2024-12-20,2024-12-31
2000126,Experian,374,CIBIL V2.0,8,7,6,2,16677885.05,19332018.0,49.98,5,7,5,120,0,14,0,False,False,2024-01-19,2024-12-31
2000127,Experian,441,Equifax v5,1,6,2,0,19073072.69,3692383.45,60.33,6,8,1,120,1,161,0,False,False,2024-05-05,2024-12-31
2000128,CRIF Highmark,526,CIBIL V3.0,12,4,5,3,6173704.91,1120719.61,62.53,0,11,0,5,1,170,0,False,False,2024-03-26,2024-12-31
2000129,Equifax,414,CIBIL V3.0,1,7,6,2,19035592.48,26172645.48,34.36,3,2,0,180,2,136,0,False,False,2024-08-28,2024-12-31
2000130,CRIF Highmark,371,Equifax v5,5,4,1,5,8437425.03,26548464.13,15.21,4,11,0,2,0,173,0,False,False,2024-05-17,2024-12-31
2000131,CRIF Highmark,655,CIBIL V3.0,7,1,7,5,6439312.6,16617456.76,17.07,6,8,10,0,1,177,0,False,False,2024-02-14,2024-12-31
2000132,CRIF Highmark,721,CIBIL V2.0,1,4,0,0,9703009.57,5728911.93,22.73,5,9,60,0,0,166,0,False,False,2024-09-24,2024-12-31
2000133,Equifax,739,Experian v4,8,0,1,3,572668.18,12842935.33,66.06,5,9,0,0,0,89,0,False,False,2024-01-08,2024-12-31
2000134,CIBIL TransUnion,709,Equifax v5,6,5,4,2,72897.01,29763478.25,73.11,5,8,1,3,0,215,0,False,False,2024-10-23,2024-12-31
2000135,CRIF Highmark,791,CIBIL V3.0,1,8,3,4,13932786.99,14387630.81,47.81,5,1,120,120,0,149,2,False,False,2024-10-27,2024-12-31
2000136,Experian,852,Equifax v5,4,8,6,2,11843777.33,11076242.39,25.81,7,0,0,90,0,54,0,False,False,2024-11-27,2024-12-31
2000137,CIBIL TransUnion,751,Equifax v5,1,8,5,3,19767128.65,9192630.78,21.26,8,2,0,1,0,118,0,False,False,2024-07-11,2024-12-31
2000138,CRIF Highmark,702,CIBIL V2.0,1,5,1,5,4620741.03,9238599.41,58.24,2,9,5,0,4,134,0,False,False,2024-09-15,2024-12-31
2000139,CRIF Highmark,664,CIBIL V3.0,11,6,2,4,6622065.72,21235106.53,28.75,8,1,0,3,1,130,0,False,False,2024-09-29,2024-12-31
2000140,CIBIL TransUnion,834,Experian v4,1,7,4,2,1928030.57,10033568.87,29.33,1,8,3,10,1,10,0,True,False,2024-01-27,2024-12-31
2000141,Experian,592,Equifax v5,6,1,7,5,3455571.46,11810354.03,12.89,4,12,10,1,1,135,2,False,False,2024-01-20,2024-12-31
2000142,Experian,752,Experian v4,12,5,5,5,10887326.48,24194677.63,7.07,6,10,0,90,1,220,1,True,False,2024-02-29,2024-12-31
2000143,CRIF Highmark,585,CIBIL V3.0,2,7,2,5,10826435.87,12113146.2,43.36,6,6,10,180,1,75,0,False,False,2024-11-08,2024-12-31
2000144,Experian,578,CIBIL V3.0,15,2,2,0,8158223.46,5312938.76,97.98,8,0,0,0,0,61,0,False,False,2024-10-19,2024-12-31
2000145,Experian,599,Equifax v5,12,4,3,2,2737031.11,29968096.76,96.54,5,0,0,0,0,7,0,False,False,2024-12-24,2024-12-31
2000146,Experian,553,Equifax v5,13,3,5,0,12161902.22,26524938.96,65.21,2,5,2,5,2,47,0,False,False,2024-05-10,2024-12-31
2000147,Experian,434,CIBIL V3.0,15,8,7,0,1101451.98,2081046.23,21.77,1,3,1,2,0,45,1,False,False,2024-08-15,2024-12-31
2000148,Equifax,817,Experian v4,2,2,2,3,8409507.97,20621807.34,0.26,7,8,0,0,0,184,0,False,False,2024-01-02,2024-12-31
2000149,CRIF Highmark,852,Equifax v5,2,3,5,5,11453775.56,4721419.03,23.47,3,1,0,3,0,35,0,False,False,2024-01-02,2024-12-31
2000150,Experian,608,CIBIL V2.0,15,1,2,3,18256179.86,10635699.6,45.0,8,9,30,0,0,132,0,False,False,2024-07-04,2024-12-31
2000151,CIBIL TransUnion,692,Experian v4,4,4,2,2,5536338.17,4267209.15,31.89,0,8,0,10,0,98,0,False,False,2024-12-19,2024-12-31
2000152,CIBIL TransUnion,823,Experian v4,7,5,3,2,16868277.96,10261773.59,65.43,2,12,0,0,0,45,0,False,False,2024-12-25,2024-12-31
2000153,CIBIL TransUnion,768,Experian v4,8,6,7,5,16406763.37,27852972.89,75.86,2,0,0,2,0,227,0,False,False,2024-08-16,2024-12-31
2000154,CIBIL TransUnion,812,CIBIL V3.0,14,8,6,3,17424422.8,21597417.14,64.44,5,3,0,5,0,146,1,False,False,2024-08-25,2024-12-31
2000155,CRIF Highmark,706,CIBIL V3.0,2,4,6,4,10717282.02,19096926.12,55.66,5,5,0,0,0,177,1,False,False,2024-08-04,2024-12-31
2000156,CIBIL TransUnion,653,Experian v4,9,0,1,1,14616228.56,23153882.44,12.83,7,11,0,0,0,37,0,False,False,2024-07-31,2024-12-31
2000157,CIBIL TransUnion,590,CIBIL V2.0,1,8,4,4,7405165.34,13717085.93,60.74,3,9,2,90,0,219,0,False,False,2024-02-23,2024-12-31
2000158,CRIF Highmark,831,Equifax v5,10,6,4,4,5286612.72,2657505.56,33.17,1,0,0,0,2,119,0,False,False,2024-01-05,2024-12-31
2000159,CIBIL TransUnion,593,CIBIL V2.0,4,8,7,2,141668.6,16944074.65,7.28,0,11,0,120,0,129,0,False,False,2024-11-12,2024-12-31
2000160,CRIF Highmark,707,Equifax v5,8,2,1,3,7643312.96,8703857.15,89.28,1,12,0,0,0,56,2,False,False,2024-08-30,2024-12-31
2000161,CIBIL TransUnion,497,CIBIL V3.0,8,2,5,4,6957145.63,24493778.57,10.68,8,9,60,2,2,177,0,False,False,2024-03-04,2024-12-31
2000162,Experian,752,Equifax v5,1,3,6,2,14309322.15,10606181.59,70.15,6,1,3,30,0,41,1,False,False,2024-09-12,2024-12-31
2000163,Experian,819,Experian v4,5,7,7,4,19123689.34,1727113.72,31.92,6,10,0,0,0,188,0,False,False,2024-04-06,2024-12-31
2000164,Equifax,746,Equifax v5,10,1,6,3,19144521.11,17154435.22,8.08,4,4,0,90,0,187,0,False,False,2024-11-25,2024-12-31
2000165,CIBIL TransUnion,836,Experian v4,14,2,7,2,2564811.54,20417065.13,50.54,1,5,3,0,0,234,0,False,False,2024-04-21,2024-12-31
2000166,CIBIL TransUnion,661,Experian v4,2,6,3,4,13898212.5,5076282.0,11.91,5,0,0,2,0,105,0,False,False,2024-12-28,2024-12-31
2000167,Experian,675,Experian v4,1,8,2,4,4299964.6,24855092.72,63.27,0,0,2,0,0,139,0,False,False,2024-04-01,2024-12-31
2000168,CIBIL TransUnion,831,CIBIL V3.0,12,6,7,1,1338025.56,5077420.28,48.95,1,12,0,1,1,128,0,False,False,2024-08-15,2024-12-31
2000169,CIBIL TransUnion,724,CIBIL V3.0,7,1,4,1,12275586.68,12296749.71,16.58,8,10,0,0,0,156,0,False,False,2024-04-16,2024-12-31
2000170,Experian,344,CIBIL V2.0,11,5,6,2,5029756.14,9682313.01,59.45,8,9,60,1,0,44,0,False,False,2024-11-25,2024-12-31
2000171,Experian,713,CIBIL V2.0,9,3,0,5,14991679.06,27199723.07,8.67,7,3,5,180,3,7,0,False,False,2024-02-21,2024-12-31
2000172,Experian,824,CIBIL V3.0,9,7,4,3,4659815.87,2654538.43,6.42,0,9,0,0,2,139,1,False,False,2024-05-07,2024-12-31
2000173,Equifax,661,Equifax v5,13,0,1,2,10873056.76,26465627.88,99.02,6,7,0,0,0,116,0,False,True,2024-12-09,2024-12-31
2000174,CIBIL TransUnion,826,CIBIL V3.0,3,7,3,4,14903347.6,27807172.71,75.85,6,6,0,0,0,122,1,False,False,2024-04-17,2024-12-31
2000175,CIBIL TransUnion,793,Equifax v5,6,6,7,1,15036749.83,10199895.01,68.3,2,2,2,0,1,132,0,False,False,2024-02-18,2024-12-31
2000176,CIBIL TransUnion,716,Equifax v5,5,8,2,2,1979502.87,16440151.86,21.33,3,5,0,0,0,227,0,False,False,2024-02-25,2024-12-31
2000177,Experian,580,Experian v4,12,2,7,1,18692634.09,5235662.52,51.6,5,8,2,3,0,98,0,False,False,2024-12-05,2024-12-31
2000178,CRIF Highmark,737,CIBIL V3.0,3,0,6,4,18918175.01,14444064.43,41.01,4,3,1,2,0,101,0,False,False,2024-04-03,2024-12-31
2000179,Experian,853,CIBIL V2.0,2,6,6,2,17739269.9,10916383.8,46.31,7,7,90,10,0,177,0,False,False,2024-11-16,2024-12-31
2000180,Equifax,678,Equifax v5,15,5,0,1,4806818.72,622670.85,38.29,0,11,120,0,0,120,0,False,False,2024-07-20,2024-12-31
2000181,CRIF Highmark,352,Experian v4,15,8,5,3,12165939.46,23487205.8,20.21,6,3,10,0,1,156,0,False,False,2024-11-20,2024-12-31
2000182,CRIF Highmark,631,CIBIL V3.0,11,4,3,1,11964401.39,23212928.26,6.94,3,6,0,0,0,63,1,False,False,2024-08-27,2024-12-31
2000183,CRIF Highmark,703,CIBIL V2.0,10,8,7,4,14553533.5,28103753.11,64.07,8,7,5,0,2,173,0,False,False,2024-11-28,2024-12-31
2000184,Equifax,421,Equifax v5,8,2,4,1,19423949.04,24326991.57,13.17,7,12,0,0,0,36,0,False,False,2024-08-12,2024-12-31
2000185,Equifax,825,Equifax v5,14,7,1,2,16548473.42,12415363.65,93.22,3,6,0,1,2,159,1,False,False,2024-09-01,2024-12-31
2000186,CIBIL TransUnion,750,CIBIL V3.0,6,1,2,4,2219088.06,27013695.11,4.53,5,3,0,0,2,203,0,True,False,2024-02-07,2024-12-31
2000187,CIBIL TransUnion,558,Equifax v5,1,2,2,4,17496047.46,18364043.48,18.9,0,11,60,10,2,50,1,False,False,2024-04-10,2024-12-31
2000188,CIBIL TransUnion,864,CIBIL V2.0,3,3,2,4,13904584.4,4932337.23,14.15,0,0,0,0,0,129,2,False,False,2024-01-12,2024-12-31
2000189,Experian,687,Experian v4,8,6,0,5,17278263.86,5129461.52,1.56,2,7,0,5,0,217,0,False,False,2024-12-10,2024-12-31
2000190,CIBIL TransUnion,861,CIBIL V3.0,13,6,2,3,11021267.95,24616618.77,61.84,2,11,30,0,0,184,1,False,False,2024-05-16,2024-12-31
2000191,Experian,447,Equifax v5,9,4,0,4,6883510.41,8810383.65,14.26,0,6,3,0,0,64,0,False,False,2024-09-29,2024-12-31
2000192,CRIF Highmark,811,CIBIL V2.0,7,5,4,2,9024785.49,7942955.75,55.85,5,4,0,60,0,117,0,False,False,2024-07-07,2024-12-31
2000193,CIBIL TransUnion,502,Equifax v5,4,3,4,4,5982872.74,4387270.06,1.5,5,12,0,0,4,96,0,False,False,2024-11-27,2024-12-31
2000194,CIBIL TransUnion,789,Equifax v5,13,6,1,1,2409232.8,20808099.15,77.03,6,3,2,5,0,80,0,True,False,2024-03-28,2024-12-31
2000195,Experian,800,Equifax v5,13,7,6,4,7195987.87,4756545.77,73.8,0,5,0,10,0,168,0,False,False,2024-04-03,2024-12-31
2000196,CIBIL TransUnion,853,CIBIL V2.0,11,0,3,4,237027.38,2723573.25,6.11,0,0,1,0,0,49,0,False,True,2024-10-05,2024-12-31
2000197,CRIF Highmark,833,CIBIL V2.0,6,1,4,0,9309643.88,17436842.08,16.06,5,4,90,30,2,237,0,False,False,2024-10-31,2024-12-31
2000198,Equifax,643,Experian v4,15,3,7,0,11409638.15,28535000.16,8.93,4,2,90,0,1,226,0,False,False,2024-03-11,2024-12-31
2000199,CRIF Highmark,764,CIBIL V2.0,12,5,7,2,6240709.76,23722184.2,40.52,2,4,10,180,2,106,0,False,False,2024-05-11,2024-12-31
2000200,Experian,659,CIBIL V2.0,14,0,0,0,14917795.7,6753268.62,98.56,0,1,0,0,0,12,0,False,False,2024-05-05,2024-12-31
2000201,CIBIL TransUnion,317,CIBIL V3.0,15,5,0,4,14106791.89,449268.77,26.67,2,3,0,0,0,97,0,False,False,2024-03-03,2024-12-31
2000202,Experian,766,CIBIL V2.0,6,1,4,3,14677331.88,7267998.23,73.53,0,5,0,2,0,168,0,False,False,2024-06-20,2024-12-31
2000203,CRIF Highmark,809,Equifax v5,9,4,1,4,15134671.05,12742574.14,72.4,2,6,0,5,2,42,0,False,False,2024-10-21,2024-12-31
2000204,Experian,442,Experian v4,10,3,2,4,7209547.44,9201680.72,72.53,0,5,2,0,0,66,0,False,False,2024-01-11,2024-12-31
2000205,CRIF Highmark,348,CIBIL V3.0,7,8,6,0,16781909.17,16768738.05,77.86,4,4,10,0,0,131,2,False,False,2024-09-26,2024-12-31
2000206,Experian,743,Equifax v5,8,4,3,1,3960084.44,21440535.08,64.27,8,11,1,180,1,215,0,False,False,2024-10-11,2024-12-31
2000207,CRIF Highmark,669,CIBIL V3.0,6,2,5,5,6435521.97,16729872.7,87.32,1,12,0,3,0,61,0,False,False,2024-07-01,2024-12-31
2000208,Equifax,804,Experian v4,11,7,5,0,9001202.77,7080700.94,81.07,1,9,5,180,0,38,0,False,False,2024-12-18,2024-12-31
2000209,Equifax,806,Experian v4,8,2,6,5,7348803.92,5629418.25,92.02,6,11,0,60,0,192,0,False,False,2024-03-02,2024-12-31
2000210,CIBIL TransUnion,684,CIBIL V2.0,8,4,5,1,7090669.47,19197991.03,54.57,6,1,1,60,1,207,2,True,False,2024-06-16,2024-12-31
2000211,CIBIL TransUnion,453,CIBIL V3.0,1,6,1,2,5911710.48,2851365.41,97.73,7,8,0,180,0,124,0,False,False,2024-10-26,2024-12-31
2000212,CRIF Highmark,608,CIBIL V2.0,1,0,3,3,16379590.54,29407893.39,91.75,0,6,0,2,1,164,0,False,False,2024-05-19,2024-12-31
2000213,Equifax,792,Equifax v5,12,0,6,4,12697688.32,10209386.01,32.42,1,5,0,120,0,183,0,False,False,2024-07-11,2024-12-31
2000214,Equifax,806,CIBIL V3.0,15,6,4,2,15473975.72,22924128.25,38.12,3,0,120,60,0,84,0,False,False,2024-01-23,2024-12-31
2000215,Experian,710,Experian v4,1,6,3,0,1748478.75,17791055.93,19.8,8,6,0,2,2,73,0,False,False,2024-02-27,2024-12-31
2000216,CRIF Highmark,804,CIBIL V2.0,7,2,2,5,2219892.52,16300452.0,58.41,2,12,0,0,0,7,0,False,False,2024-01-12,2024-12-31
2000217,Equifax,507,Experian v4,3,5,4,5,3048845.61,7469282.77,58.51,8,1,0,0,0,132,1,False,False,2024-12-16,2024-12-31
2000218,Experian,567,CIBIL V3.0,7,0,2,2,8303506.89,7096751.13,89.61,2,9,0,0,0,53,0,False,False,2024-06-14,2024-12-31
2000219,CIBIL TransUnion,819,CIBIL V3.0,5,3,6,5,10211460.24,23266907.69,99.2,1,4,1,0,0,110,0,False,False,2024-04-11,2024-12-31
2000220,CIBIL TransUnion,301,CIBIL V3.0,9,7,5,5,6626306.54,24171238.36,99.71,6,1,0,0,0,55,2,False,False,2024-01-11,2024-12-31
2000221,CIBIL TransUnion,780,Experian v4,3,7,2,5,16091285.5,10437052.07,73.58,3,9,120,0,0,151,1,False,False,2024-11-25,2024-12-31
2000222,Experian,755,Experian v4,3,5,6,5,1798874.58,17939790.48,82.6,3,12,0,0,0,42,0,False,False,2024-03-14,2024-12-31
2000223,CIBIL TransUnion,692,Experian v4,6,5,0,4,5636778.72,15546154.71,10.75,3,4,0,2,0,240,0,False,False,2024-09-14,2024-12-31
2000224,Experian,844,CIBIL V2.0,10,7,6,4,1488492.64,4394036.86,51.26,8,11,1,180,2,23,0,False,False,2024-10-16,2024-12-31
2000225,CIBIL TransUnion,638,Equifax v5,3,4,4,1,520889.07,5242766.75,2.2,3,0,0,0,0,223,0,False,False,2024-04-16,2024-12-31
2000226,Equifax,592,CIBIL V2.0,11,8,0,0,3926575.78,13149149.41,5.63,4,9,0,0,1,213,0,False,False,2024-05-14,2024-12-31
2000227,Experian,797,Equifax v5,2,8,0,2,6389685.19,23573352.09,58.36,2,9,0,0,0,228,0,False,False,2024-01-10,2024-12-31
2000228,CIBIL TransUnion,659,Equifax v5,14,6,5,4,1127316.41,6815001.49,26.22,3,12,5,3,0,82,1,False,False,2024-11-26,2024-12-31
2000229,CIBIL TransUnion,823,Equifax v5,1,0,7,2,1234355.79,26392229.42,23.95,7,3,0,0,0,154,0,False,False,2024-04-17,2024-12-31
2000230,CRIF Highmark,883,CIBIL V3.0,11,8,5,4,1318294.39,7694436.17,38.36,3,6,0,10,0,155,0,False,False,2024-10-25,2024-12-31
2000231,CIBIL TransUnion,494,Equifax v5,4,2,1,4,11824388.65,23198908.1,35.51,4,10,30,3,0,77,1,False,False,2024-12-15,2024-12-31
2000232,CRIF Highmark,829,Experian v4,5,5,0,3,12745279.63,28062685.61,93.2,6,8,2,2,0,131,0,False,False,2024-01-28,2024-12-31
2000233,CIBIL TransUnion,753,CIBIL V3.0,9,8,5,4,8891211.25,16252250.58,93.22,1,3,1,0,4,20,0,False,False,2024-07-11,2024-12-31
2000234,Equifax,706,Equifax v5,10,7,3,4,11616833.38,11771291.48,26.67,1,3,2,10,3,156,0,False,False,2024-11-19,2024-12-31
2000235,CIBIL TransUnion,442,Experian v4,12,4,5,1,554246.8,4066260.09,10.89,3,1,2,0,0,35,0,False,False,2024-11-15,2024-12-31
2000236,CRIF Highmark,562,Experian v4,1,2,1,3,10122068.3,27293494.57,82.63,3,3,0,0,0,63,0,False,False,2024-05-16,2024-12-31
2000237,CIBIL TransUnion,686,Experian v4,6,1,5,5,3465355.8,17674610.26,75.96,6,11,0,120,0,26,0,False,False,2024-01-09,2024-12-31
2000238,CRIF Highmark,880,CIBIL V2.0,3,4,2,0,6174693.15,2324117.39,39.41,2,11,1,0,0,129,0,False,False,2024-10-18,2024-12-31
2000239,Equifax,644,CIBIL V2.0,13,1,2,3,8482288.0,26759830.2,76.73,3,12,3,180,0,70,0,False,False,2024-01-20,2024-12-31
2000240,Experian,360,Experian v4,13,7,0,1,5970382.78,26831787.52,19.18,5,3,0,1,0,159,1,False,False,2024-10-31,2024-12-31
2000241,CIBIL TransUnion,726,Experian v4,3,0,4,3,13971762.35,7378850.89,28.45,7,7,0,0,0,209,0,False,False,2024-06-03,2024-12-31
2000242,CIBIL TransUnion,795,CIBIL V2.0,2,2,0,1,11591971.97,9144531.74,82.85,4,2,3,120,0,20,0,False,False,2024-01-30,2024-12-31
2000243,Experian,620,CIBIL V3.0,8,1,2,5,8388518.34,16488616.48,46.41,0,10,0,180,0,137,0,False,False,2024-12-28,2024-12-31
2000244,CRIF Highmark,850,Equifax v5,15,3,3,4,2572486.4,15233441.53,50.85,1,10,90,0,0,92,2,False,False,2024-07-01,2024-12-31
2000245,Experian,806,Equifax v5,10,2,7,0,19497073.1,793973.54,17.95,7,7,5,0,0,80,0,False,False,2024-07-27,2024-12-31
2000246,Experian,532,CIBIL V3.0,9,7,1,0,7406838.9,9683481.78,69.05,8,12,0,0,0,163,0,False,False,2024-01-05,2024-12-31
2000247,CIBIL TransUnion,784,CIBIL V2.0,3,8,1,2,19285456.61,3001180.92,23.76,4,0,0,180,0,167,0,False,False,2024-04-13,2024-12-31
2000248,CRIF Highmark,521,CIBIL V2.0,1,7,0,2,6278140.72,552375.6,42.84,2,11,0,180,0,155,0,False,False,2024-02-26,2024-12-31
2000249,Experian,677,Equifax v5,1,4,2,5,18216005.19,20356765.8,37.07,7,9,0,3,0,112,0,False,False,2024-01-30,2024-12-31
2000250,Experian,788,CIBIL V2.0,5,1,7,4,12580274.85,16698837.6,67.28,3,0,0,0,0,61,0,False,False,2024-09-22,2024-12-31
2000251,CIBIL TransUnion,820,CIBIL V3.0,9,4,7,0,130688.69,12620963.16,65.0,7,3,3,180,0,120,1,False,False,2024-12-22,2024-12-31
2000252,CIBIL TransUnion,443,CIBIL V2.0,10,4,5,4,9293929.24,19891941.56,24.94,1,2,0,1,0,145,0,False,False,2024-02-28,2024-12-31
2000253,Equifax,448,CIBIL V2.0,3,7,2,2,12941170.25,23892425.29,45.68,2,6,0,3,0,85,0,False,False,2024-03-24,2024-12-31
2000254,Equifax,862,Experian v4,13,8,2,2,3896416.62,15787630.43,15.28,8,0,10,1,0,49,0,False,False,2024-10-21,2024-12-31
2000255,CIBIL TransUnion,445,CIBIL V3.0,12,5,0,1,6209280.57,25871996.21,72.74,5,5,3,0,4,137,1,False,False,2024-01-27,2024-12-31
2000256,CRIF Highmark,702,CIBIL V3.0,6,7,2,4,10071221.86,18842505.99,54.94,0,12,0,0,0,225,0,False,False,2024-11-10,2024-12-31
2000257,CIBIL TransUnion,478,Equifax v5,15,4,3,0,12558258.24,18635388.2,92.55,8,0,0,0,0,200,0,False,False,2024-03-25,2024-12-31
2000258,CIBIL TransUnion,747,CIBIL V3.0,3,1,2,2,10788392.42,26638556.95,30.79,7,12,0,1,1,137,1,False,False,2024-12-21,2024-12-31
2000259,CRIF Highmark,848,CIBIL V2.0,12,2,2,2,19576180.73,16898558.21,21.68,7,11,2,30,0,184,0,False,False,2024-02-10,2024-12-31
2000260,CIBIL TransUnion,630,Experian v4,3,1,0,2,8070113.03,192894.48,62.12,2,6,0,0,0,80,0,False,False,2024-12-08,2024-12-31
2000261,Equifax,756,Experian v4,4,4,0,2,1246180.55,6967594.83,77.17,6,8,0,3,2,202,1,False,False,2024-05-11,2024-12-31
2000262,Experian,773,CIBIL V3.0,6,5,7,1,11652170.84,9507191.76,0.31,5,2,0,0,0,170,1,False,True,2024-11-09,2024-12-31
2000263,Experian,711,Experian v4,7,6,2,4,9012775.44,11029996.6,94.82,8,3,0,30,1,157,0,False,False,2024-09-22,2024-12-31
2000264,CIBIL TransUnion,771,CIBIL V2.0,3,3,0,4,14515106.63,13874876.42,15.86,6,10,0,2,0,107,0,False,False,2024-09-19,2024-12-31
2000265,Equifax,601,CIBIL V2.0,7,2,0,4,12775845.28,29890437.84,21.9,4,1,0,0,0,201,2,False,False,2024-01-27,2024-12-31
2000266,Experian,754,CIBIL V3.0,7,3,3,4,10768253.89,12323309.08,29.85,6,6,0,0,0,76,0,False,False,2024-05-02,2024-12-31
2000267,Experian,805,CIBIL V3.0,15,1,0,2,3852416.98,27372970.07,65.77,6,0,30,0,0,200,0,False,False,2024-12-23,2024-12-31
2000268,CRIF Highmark,766,Experian v4,5,2,1,5,1521354.17,12337155.65,1.42,0,5,0,90,0,110,0,False,False,2024-06-22,2024-12-31
2000269,CRIF Highmark,485,CIBIL V2.0,1,4,0,5,16614470.83,8346464.92,42.8,6,3,0,2,0,138,0,False,False,2024-05-11,2024-12-31
2000270,CRIF Highmark,789,CIBIL V2.0,12,5,7,5,4386616.7,15218809.38,33.23,4,1,0,0,0,46,1,False,False,2024-01-01,2024-12-31
2000271,Experian,693,CIBIL V2.0,6,3,0,5,18222093.44,28620470.39,91.93,6,11,0,5,0,134,1,False,False,2024-08-16,2024-12-31
2000272,CIBIL TransUnion,748,CIBIL V3.0,11,3,0,1,17636258.69,7088137.62,35.76,8,1,3,5,0,220,0,False,False,2024-12-26,2024-12-31
2000273,Equifax,587,Equifax v5,2,8,1,1,5094408.71,1884483.32,85.99,0,6,0,0,0,187,0,False,False,2024-04-18,2024-12-31
2000274,CIBIL TransUnion,654,Equifax v5,8,0,7,3,17429054.32,11360045.25,98.06,2,5,2,3,1,127,1,False,False,2024-03-21,2024-12-31
2000275,Equifax,691,Equifax v5,9,1,0,2,14708345.25,15100371.78,29.03,6,10,2,30,1,24,2,False,False,2024-03-05,2024-12-31
2000276,CRIF Highmark,776,Equifax v5,12,7,7,4,13204518.1,130695.73,90.02,4,1,30,0,1,103,0,False,False,2024-04-16,2024-12-31
2000277,Equifax,590,CIBIL V3.0,13,4,2,3,19227667.73,29388076.82,76.85,6,10,60,30,0,236,0,False,False,2024-10-19,2024-12-31
2000278,CRIF Highmark,803,CIBIL V3.0,9,1,6,0,5229604.26,22915776.42,49.61,6,4,2,0,0,230,1,True,False,2024-06-05,2024-12-31
2000279,CIBIL TransUnion,465,CIBIL V2.0,2,5,5,3,15045997.74,25886659.24,5.43,8,3,0,5,0,84,0,True,False,2024-05-08,2024-12-31
2000280,CIBIL TransUnion,874,Experian v4,15,3,2,0,2386088.21,5943867.26,4.41,2,3,1,3,0,75,0,False,False,2024-04-11,2024-12-31
2000281,Equifax,766,Equifax v5,3,7,1,1,15928391.53,17894336.31,91.0,5,10,5,5,0,100,1,False,False,2024-10-17,2024-12-31
2000282,CRIF Highmark,643,Equifax v5,1,7,6,3,5326003.21,2750227.46,27.24,4,11,3,3,1,62,0,False,False,2024-06-23,2024-12-31
2000283,CRIF Highmark,471,CIBIL V2.0,1,5,3,1,8445429.75,17551934.33,63.62,6,0,0,180,4,236,0,False,False,2024-09-23,2024-12-31
2000284,CIBIL TransUnion,745,CIBIL V2.0,10,5,2,3,11079073.99,7342055.18,71.65,3,2,0,3,1,216,0,False,False,2024-02-08,2024-12-31
2000285,CIBIL TransUnion,694,CIBIL V2.0,14,6,5,0,6272392.67,2860965.14,51.52,2,2,0,3,0,201,0,False,False,2024-11-11,2024-12-31
2000286,CIBIL TransUnion,874,Experian v4,3,0,4,4,10898322.48,26643466.48,14.55,7,10,1,10,1,134,0,False,False,2024-05-25,2024-12-31
2000287,Equifax,839,Equifax v5,15,1,2,4,12218490.55,19065033.41,53.37,7,6,0,180,0,186,0,True,False,2024-11-18,2024-12-31
2000288,CRIF Highmark,683,CIBIL V2.0,1,1,3,3,6274932.19,4461892.48,0.84,6,3,0,0,0,109,0,False,False,2024-06-18,2024-12-31
2000289,CRIF Highmark,722,Experian v4,3,1,2,1,10240735.4,28673044.28,52.96,3,12,0,0,0,68,0,False,False,2024-05-08,2024-12-31
2000290,Experian,529,Equifax v5,4,2,5,0,7086827.34,2779725.63,94.08,4,10,0,2,0,62,0,False,False,2024-11-08,2024-12-31
2000291,Equifax,378,Experian v4,12,7,6,4,1755741.9,3318176.46,21.99,5,1,1,1,0,111,1,False,False,2024-09-17,2024-12-31
2000292,Experian,605,Equifax v5,2,2,7,1,15776272.76,2623552.23,82.56,7,8,10,60,0,20,0,False,False,2024-08-18,2024-12-31
2000293,Experian,754,Experian v4,6,2,2,0,13958273.67,4659972.11,12.9,7,9,0,3,0,176,0,False,False,2024-01-24,2024-12-31
2000294,Equifax,749,CIBIL V2.0,8,2,4,4,10948762.4,17913287.15,24.71,1,1,1,2,0,98,0,False,False,2024-11-24,2024-12-31
2000295,CIBIL TransUnion,666,Equifax v5,1,5,6,2,18040301.09,27342790.47,87.78,0,0,0,3,3,211,0,False,False,2024-09-12,2024-12-31
2000296,CRIF Highmark,850,CIBIL V3.0,15,6,2,1,12065812.43,27051096.15,86.53,2,5,0,0,0,226,0,False,False,2024-05-16,2024-12-31
2000297,Experian,716,CIBIL V2.0,10,4,1,4,5451565.73,8320536.39,43.13,2,12,0,90,0,92,2,False,False,2024-08-27,2024-12-31
2000298,CIBIL TransUnion,512,CIBIL V3.0,15,2,1,0,12858324.57,1055278.33,99.52,2,10,1,90,0,123,0,False,False,2024-11-26,2024-12-31
2000299,CIBIL TransUnion,661,CIBIL V3.0,15,2,1,5,8596498.42,26334879.34,12.23,5,5,0,90,0,195,0,False,False,2024-03-11,2024-12-31
2000300,CRIF Highmark,779,Equifax v5,11,5,7,1,3034743.86,12618557.1,36.8,7,12,30,0,0,40,0,False,False,2024-01-06,2024-12-31
2000301,Experian,773,Equifax v5,12,8,2,2,15406741.96,13783355.07,4.82,2,4,30,180,2,173,0,False,False,2024-03-16,2024-12-31
2000302,Equifax,629,Equifax v5,10,3,4,2,3793232.77,22742780.42,99.29,8,3,0,0,0,56,0,False,False,2024-03-05,2024-12-31
2000303,Equifax,769,Experian v4,1,0,0,2,7105766.87,9033660.88,27.43,2,2,0,10,1,221,0,False,False,2024-03-31,2024-12-31
2000304,Experian,565,Experian v4,8,7,2,5,422005.99,25910607.7,53.24,4,4,0,60,4,238,1,False,False,2024-06-21,2024-12-31
2000305,Equifax,786,Experian v4,9,2,7,2,11547148.29,10966890.48,59.54,7,6,3,120,1,201,0,False,False,2024-05-01,2024-12-31
2000306,CRIF Highmark,850,CIBIL V2.0,1,6,2,1,6715554.86,18265365.18,10.96,3,12,0,0,2,196,1,False,False,2024-07-16,2024-12-31
2000307,Equifax,787,Equifax v5,15,6,5,3,13960424.43,387042.99,66.43,7,6,1,0,1,26,2,False,False,2024-07-27,2024-12-31
2000308,Experian,498,Equifax v5,12,3,4,5,10434826.29,10033355.46,48.08,4,9,0,30,0,82,0,False,False,2024-11-22,2024-12-31
2000309,CIBIL TransUnion,628,Experian v4,8,5,4,4,5917908.71,9950344.38,46.16,4,9,0,5,0,46,0,False,False,2024-07-09,2024-12-31
2000310,CRIF Highmark,785,Equifax v5,9,1,1,3,14051741.56,10580612.76,82.93,8,9,0,2,1,118,0,False,False,2024-08-26,2024-12-31
2000311,CIBIL TransUnion,598,CIBIL V2.0,5,8,6,4,877313.69,19932196.66,86.49,2,6,5,10,0,71,0,False,False,2024-05-01,2024-12-31
2000312,CRIF Highmark,649,Experian v4,15,7,4,3,6419597.74,4969773.66,78.98,5,5,0,0,1,82,0,False,False,2024-10-30,2024-12-31
2000313,Experian,746,CIBIL V2.0,5,3,0,0,8097006.39,8689243.41,83.25,3,11,10,0,0,201,0,False,False,2024-10-19,2024-12-31
2000314,CRIF Highmark,869,Experian v4,9,5,7,3,19254635.13,11161231.53,65.82,5,7,0,30,0,98,0,False,False,2024-10-18,2024-12-31
2000315,CIBIL TransUnion,755,Experian v4,1,5,4,4,19773286.11,7576283.34,72.6,2,9,30,5,0,55,0,False,False,2024-04-11,2024-12-31
2000316,Experian,374,CIBIL V2.0,15,5,4,1,7968819.0,4284988.24,27.85,2,11,0,1,0,231,0,False,False,2024-08-18,2024-12-31
2000317,CRIF Highmark,595,Experian v4,9,5,0,3,442560.47,7226721.64,70.04,2,12,0,0,0,12,0,False,False,2024-07-09,2024-12-31
2000318,CIBIL TransUnion,695,CIBIL V2.0,14,6,2,0,10193792.42,19356757.1,15.28,1,10,0,0,0,98,0,False,False,2024-12-18,2024-12-31
2000319,CRIF Highmark,388,CIBIL V2.0,3,2,5,0,12435911.92,28502969.52,3.12,1,9,0,0,0,27,0,False,False,2024-09-07,2024-12-31
2000320,CRIF Highmark,395,CIBIL V2.0,3,5,2,3,11610687.15,26660625.0,92.91,4,0,0,0,2,237,0,True,False,2024-01-26,2024-12-31
2000321,Equifax,717,CIBIL V3.0,6,4,0,0,14918458.57,6376721.79,66.88,1,12,2,2,0,230,0,False,False,2024-07-15,2024-12-31
2000322,Equifax,868,Equifax v5,9,7,2,3,13988248.82,20032833.6,58.01,1,1,0,30,1,111,0,False,False,2024-12-09,2024-12-31
2000323,CRIF Highmark,711,Equifax v5,4,1,2,4,19301008.95,15127877.56,64.15,7,6,0,60,0,139,0,False,False,2024-07-20,2024-12-31
2000324,CRIF Highmark,661,CIBIL V3.0,6,7,5,2,13845540.36,22774305.03,33.01,4,0,5,180,1,111,2,False,False,2024-05-15,2024-12-31
2000325,Equifax,542,Equifax v5,3,3,0,1,3144833.21,1532287.88,32.6,4,4,0,1,0,29,1,False,False,2024-03-20,2024-12-31
2000326,Equifax,897,CIBIL V3.0,1,7,0,5,5216676.09,4536391.45,93.32,6,1,2,0,0,112,2,False,False,2024-07-04,2024-12-31
2000327,Equifax,484,CIBIL V3.0,10,5,0,1,13929136.65,2908755.79,14.96,1,3,3,0,0,160,0,False,False,2024-07-26,2024-12-31
2000328,CIBIL TransUnion,610,CIBIL V2.0,8,7,0,0,3347699.27,3418988.84,5.47,3,9,0,0,0,211,0,False,False,2024-01-12,2024-12-31
2000329,Equifax,505,CIBIL V3.0,13,0,7,4,17907140.73,8311726.63,10.05,7,7,2,0,0,37,1,False,False,2024-10-25,2024-12-31
2000330,CRIF Highmark,590,CIBIL V2.0,14,8,4,1,10157504.62,4474305.28,62.04,3,5,30,30,1,75,2,False,False,2024-03-01,2024-12-31
2000331,CRIF Highmark,699,CIBIL V3.0,8,4,2,4,3875236.99,23923606.93,46.51,6,1,0,180,2,35,0,False,False,2024-06-27,2024-12-31
2000332,CIBIL TransUnion,719,Equifax v5,9,0,5,2,9876717.98,7116112.13,12.39,6,2,0,0,0,13,0,False,False,2024-10-20,2024-12-31
2000333,Equifax,553,Experian v4,12,7,4,0,13451547.34,18470511.71,80.33,6,0,3,5,0,232,0,True,False,2024-03-20,2024-12-31
2000334,CIBIL TransUnion,614,Equifax v5,11,0,2,3,9260940.69,14576658.85,17.27,7,10,0,3,1,191,0,False,False,2024-03-20,2024-12-31
2000335,CIBIL TransUnion,771,CIBIL V2.0,14,3,1,5,3422408.39,6305500.64,87.05,8,11,60,0,0,64,0,False,False,2024-04-17,2024-12-31
2000336,Experian,899,Experian v4,4,0,2,0,6832155.04,17104511.62,18.61,3,12,1,3,0,33,0,False,False,2024-02-10,2024-12-31
2000337,CIBIL TransUnion,872,Experian v4,1,7,7,1,3278671.73,28299347.44,4.96,8,9,0,5,0,233,0,False,False,2024-01-26,2024-12-31
2000338,CIBIL TransUnion,585,CIBIL V2.0,12,3,2,0,4631115.7,706009.95,39.53,3,3,0,2,0,24,2,False,False,2024-08-18,2024-12-31
2000339,CIBIL TransUnion,496,Equifax v5,10,3,4,2,15844286.5,12918729.06,37.77,0,10,1,0,0,153,0,False,False,2024-11-22,2024-12-31
2000340,CIBIL TransUnion,793,Experian v4,5,6,0,0,9877451.95,17274638.3,8.11,4,9,0,0,0,175,0,False,False,2024-12-07,2024-12-31
2000341,Equifax,753,Equifax v5,9,0,5,2,15376965.41,3240073.15,92.37,4,3,0,0,0,230,0,True,False,2024-02-23,2024-12-31
2000342,CIBIL TransUnion,454,Equifax v5,6,3,5,1,7087061.52,20383222.9,29.35,2,11,0,0,0,202,0,False,False,2024-02-19,2024-12-31
2000343,Experian,485,Equifax v5,13,4,2,2,11348893.36,8103854.62,51.61,6,1,0,0,0,173,0,False,False,2024-04-24,2024-12-31
2000344,Experian,835,CIBIL V2.0,2,6,1,1,19087550.71,27988800.16,14.21,2,6,0,1,0,217,0,False,False,2024-08-03,2024-12-31
2000345,Experian,708,CIBIL V3.0,13,1,7,0,1688179.71,11396537.12,46.44,5,3,90,0,0,130,0,False,False,2024-02-22,2024-12-31
2000346,CIBIL TransUnion,592,CIBIL V3.0,13,7,6,3,13079303.15,19744706.06,57.07,8,2,0,180,0,240,0,False,False,2024-03-27,2024-12-31
2000347,Equifax,852,Experian v4,2,0,4,1,15691386.91,17978882.13,60.56,6,7,0,0,0,64,0,False,False,2024-07-01,2024-12-31
2000348,CIBIL TransUnion,661,CIBIL V3.0,11,7,4,0,17882114.33,21807214.14,31.06,5,5,0,180,1,197,0,False,False,2024-11-09,2024-12-31
2000349,CRIF Highmark,407,CIBIL V3.0,15,4,6,0,9215408.69,9292716.73,25.22,7,10,2,1,0,222,0,False,False,2024-03-17,2024-12-31
2000350,Equifax,881,Equifax v5,1,4,6,2,10647487.89,6099787.27,88.51,7,1,30,0,0,130,0,False,False,2024-05-22,2024-12-31
2000351,CRIF Highmark,806,Equifax v5,5,3,1,1,2422555.2,16261947.5,45.97,5,9,10,1,4,176,0,False,False,2024-09-02,2024-12-31
2000352,CIBIL TransUnion,818,Equifax v5,11,4,7,5,6768667.21,11318687.47,83.87,1,5,0,5,0,32,0,False,False,2024-05-13,2024-12-31
2000353,Experian,785,CIBIL V3.0,5,2,2,0,12410331.14,15825590.64,42.27,2,2,0,0,0,76,0,False,False,2024-11-25,2024-12-31
2000354,CRIF Highmark,535,Equifax v5,12,7,3,1,6556429.2,27597045.2,63.49,6,0,1,30,4,228,0,False,False,2024-07-10,2024-12-31
2000355,Experian,738,Experian v4,5,3,2,5,10308436.91,23096188.32,85.84,4,10,0,0,0,122,0,False,False,2024-06-26,2024-12-31
2000356,Equifax,782,Experian v4,1,5,3,5,18593004.02,11586444.62,92.35,6,10,0,60,0,228,0,False,False,2024-01-10,2024-12-31
2000357,Equifax,645,Equifax v5,5,6,5,1,16243044.29,2053668.01,86.61,2,4,0,0,1,89,2,False,False,2024-09-18,2024-12-31
2000358,CRIF Highmark,886,CIBIL V3.0,1,7,0,0,5624076.93,12314490.15,5.93,5,10,0,5,0,32,1,False,False,2024-09-05,2024-12-31
2000359,Equifax,451,CIBIL V3.0,1,6,4,5,520015.05,21660359.2,56.34,1,9,1,10,1,195,2,True,False,2024-04-27,2024-12-31
2000360,CIBIL TransUnion,632,CIBIL V2.0,14,2,1,0,5303744.19,902807.3,58.98,5,5,5,0,0,55,0,False,False,2024-08-21,2024-12-31
2000361,Experian,318,Experian v4,7,3,2,3,9410432.88,6462453.62,6.97,3,2,0,30,0,132,0,False,False,2024-10-05,2024-12-31
2000362,Experian,822,Equifax v5,5,3,7,4,13593638.02,27640070.24,78.37,7,11,0,0,0,123,0,False,False,2024-03-01,2024-12-31
2000363,Equifax,667,CIBIL V3.0,14,6,3,2,13857624.47,8852462.85,98.21,0,5,2,90,0,205,0,False,False,2024-10-15,2024-12-31
2000364,Equifax,717,CIBIL V2.0,13,1,4,0,17896735.52,2404491.65,55.24,8,7,5,0,0,10,0,False,False,2024-02-19,2024-12-31
2000365,Experian,512,Equifax v5,14,6,6,4,7479489.41,28755008.1,85.77,8,1,1,0,0,7,0,False,False,2024-12-27,2024-12-31
2000366,Equifax,461,Experian v4,10,7,0,3,7013841.88,8873442.91,62.76,7,6,0,0,3,142,0,False,False,2024-01-16,2024-12-31
2000367,CIBIL TransUnion,865,Experian v4,1,4,7,4,11212009.36,25525786.4,36.25,6,1,0,2,3,200,2,True,False,2024-10-11,2024-12-31
2000368,Experian,828,Equifax v5,11,4,0,3,6217127.22,24316963.78,4.63,8,7,0,180,0,171,0,True,False,2024-01-09,2024-12-31
2000369,Equifax,830,Equifax v5,10,4,3,1,14840639.24,10771172.48,3.03,0,12,3,30,0,61,0,False,False,2024-09-07,2024-12-31
2000370,Equifax,649,Experian v4,12,2,2,1,4239616.52,13146442.04,41.66,4,3,3,0,0,115,0,False,False,2024-02-23,2024-12-31
2000371,Equifax,808,Equifax v5,2,7,0,4,10474599.65,24444758.29,54.34,1,8,0,0,0,175,0,False,False,2024-10-28,2024-12-31
2000372,Experian,594,Experian v4,15,4,7,1,5961344.9,6161580.63,3.35,3,4,0,5,0,7,0,False,False,2024-01-22,2024-12-31
2000373,Experian,668,Equifax v5,14,6,6,5,5924540.53,25830814.6,3.9,4,10,0,30,0,108,0,False,False,2024-12-10,2024-12-31
2000374,CRIF Highmark,802,Experian v4,8,0,7,0,4457917.07,22393352.35,2.92,2,10,2,1,0,132,0,False,False,2024-01-16,2024-12-31
2000375,Equifax,836,CIBIL V3.0,15,5,1,3,1605035.28,3783993.18,12.09,8,2,0,180,3,36,0,False,False,2024-04-14,2024-12-31
2000376,CIBIL TransUnion,491,CIBIL V2.0,1,1,5,4,17584725.46,9006431.1,0.43,7,4,1,0,0,111,0,False,False,2024-04-13,2024-12-31
2000377,CIBIL TransUnion,667,Experian v4,1,2,2,3,12081233.46,12759354.78,95.16,0,9,0,1,0,170,0,False,False,2024-03-17,2024-12-31
2000378,Experian,709,Experian v4,4,7,7,1,19200869.37,2254475.92,20.44,1,8,90,0,0,129,0,False,False,2024-11-14,2024-12-31
2000379,CIBIL TransUnion,710,Experian v4,9,6,1,4,2969022.7,23012558.39,91.0,2,12,1,60,0,112,1,False,False,2024-05-01,2024-12-31
2000380,Equifax,516,Experian v4,11,6,6,1,1649762.29,12315284.88,55.48,7,12,0,10,3,212,0,False,False,2024-10-25,2024-12-31
2000381,Experian,612,CIBIL V2.0,9,1,1,5,2703478.18,8669016.59,39.31,8,10,1,1,0,143,0,True,False,2024-08-25,2024-12-31
2000382,Experian,651,CIBIL V3.0,15,2,2,4,2909325.08,19075314.92,96.72,2,1,10,0,0,74,0,False,False,2024-08-22,2024-12-31
2000383,Experian,756,CIBIL V3.0,15,2,5,3,19933298.84,13202765.69,60.0,8,5,0,0,0,122,0,False,False,2024-07-21,2024-12-31
2000384,CIBIL TransUnion,330,Experian v4,10,8,7,0,16651992.83,13600173.69,83.39,8,11,0,0,0,190,1,False,False,2024-08-10,2024-12-31
2000385,Equifax,757,CIBIL V2.0,12,3,1,5,12196767.02,5209356.32,60.49,3,2,0,0,0,132,0,False,False,2024-01-22,2024-12-31
2000386,CRIF Highmark,351,Equifax v5,2,5,6,5,8089635.85,11568412.82,69.69,6,8,0,0,0,154,0,False,False,2024-11-02,2024-12-31
2000387,Equifax,663,CIBIL V3.0,10,0,4,2,213706.48,10848168.05,21.1,6,10,0,0,0,181,0,False,False,2024-04-14,2024-12-31
2000388,CIBIL TransUnion,687,Experian v4,5,2,4,2,16508621.65,26855311.96,9.34,6,0,0,0,2,199,0,False,False,2024-09-10,2024-12-31
2000389,Experian,675,CIBIL V3.0,9,7,5,0,18524363.98,10771548.52,79.62,2,11,0,60,0,144,0,False,False,2024-02-01,2024-12-31
2000390,CRIF Highmark,470,Equifax v5,10,8,5,4,11703046.74,18102540.89,47.66,5,1,3,2,0,82,0,False,False,2024-10-07,2024-12-31
2000391,CIBIL TransUnion,623,Experian v4,11,5,3,4,16459249.53,8445756.01,20.3,5,2,0,90,1,49,0,False,False,2024-12-31,2024-12-31
2000392,Equifax,446,Experian v4,10,7,4,1,3419990.97,28505592.6,24.64,4,1,0,0,0,238,0,False,False,2024-04-18,2024-12-31
2000393,Equifax,607,Equifax v5,6,4,5,5,15103214.29,29063926.83,22.6,6,6,0,1,0,165,0,False,False,2024-07-21,2024-12-31
2000394,Equifax,746,Equifax v5,1,7,7,4,5311189.98,2935825.55,0.25,3,2,0,1,0,55,0,False,False,2024-10-16,2024-12-31
2000395,CIBIL TransUnion,780,CIBIL V2.0,15,2,6,3,13994234.57,3335396.32,94.06,3,8,0,0,0,30,0,False,False,2024-03-22,2024-12-31
2000396,CIBIL TransUnion,730,Experian v4,2,3,3,1,8636303.18,1248155.97,54.32,3,12,0,1,1,129,0,False,False,2024-07-23,2024-12-31
2000397,CIBIL TransUnion,361,CIBIL V2.0,15,2,4,0,8083867.23,8570579.61,27.11,7,9,60,90,0,71,0,False,False,2024-02-11,2024-12-31
2000398,Equifax,690,Experian v4,11,8,7,5,5266254.26,11275633.7,81.12,3,1,120,1,4,179,0,False,False,2024-07-13,2024-12-31
2000399,Equifax,430,Equifax v5,4,8,3,5,7895405.71,12763793.32,28.46,1,8,5,120,0,162,0,False,False,2024-03-20,2024-12-31
