loan_id,disbursement_tranche_no,disbursement_date,disbursed_amount,payment_mode,beneficiary_account,beneficiary_ifsc,disbursement_reference_no,load_date
1000000,1,2019-07-26,1348036.69,Account Credit,BENEF85613530,HDFC0007141,DIS174506118,2024-12-31
1000001,1,2024-04-17,1792648.13,RTGS,BENEF81835206,HDFC0004577,DIS470707181,2024-12-31
1000001,2,2024-05-08,1010512.96,Account Credit,BENEF90492828,HDFC0007130,DIS716311712,2024-12-31
1000001,3,2024-04-27,1972231.38,Cheque,BENEF33822574,HDFC0009312,DIS259826206,2024-12-31
1000002,1,2021-10-25,18148641.56,NEFT,BENEF82154087,HDFC0002970,DIS966729585,2024-12-31
1000002,2,2021-11-23,19815846.06,NEFT,BENEF49115199,HDFC0002765,DIS474793903,2024-12-31
1000003,1,2023-02-25,42389968.88,RTGS,BENEF23384402,HDFC0009153,DIS307403646,2024-12-31
1000004,1,2021-03-31,9695200.65,Account Credit,BENEF71024383,HDFC0009978,DIS993106372,2024-12-31
1000005,1,2018-10-20,18572030.26,Account Credit,BENEF99752076,HDFC0002072,DIS463294047,2024-12-31
1000006,1,2020-06-18,49477215.2,NEFT,BENEF75869786,HDFC0004085,DIS952608946,2024-12-31
1000007,1,2020-05-20,13460269.71,NEFT,BENEF74481336,HDFC0002618,DIS658178034,2024-12-31
1000008,1,2022-06-24,26994966.75,NEFT,BENEF80778039,HDFC0009715,DIS660141924,2024-12-31
1000009,1,2018-09-18,7726781.84,IMPS,BENEF47924770,HDFC0006248,DIS245465890,2024-12-31
1000010,1,2021-10-25,34117347.41,NEFT,BENEF94065834,HDFC0007984,DIS534047340,2024-12-31
1000011,1,2021-05-07,38121913.73,RTGS,BENEF75933037,HDFC0002709,DIS445223567,2024-12-31
1000012,1,2021-08-20,47679637.41,RTGS,BENEF76788701,HDFC0005705,DIS927686082,2024-12-31
1000013,1,2018-10-11,47352777.32,RTGS,BENEF15587825,HDFC0004081,DIS195764351,2024-12-31
1000014,1,2024-01-18,26430921.99,IMPS,BENEF86675220,HDFC0009893,DIS286142551,2024-12-31
1000015,1,2020-07-09,44990742.82,NEFT,BENEF13753144,HDFC0001773,DIS425285707,2024-12-31
1000016,1,2018-05-09,35421263.23,Account Credit,BENEF17037740,HDFC0008107,DIS893001383,2024-12-31
1000017,1,2020-09-22,27007773.18,NEFT,BENEF59771144,HDFC0001732,DIS330310285,2024-12-31
1000018,1,2019-02-08,21236573.29,NEFT,BENEF39738238,HDFC0006247,DIS178343942,2024-12-31
1000019,1,2023-03-10,11200411.7,IMPS,BENEF12092818,HDFC0001741,DIS509620403,2024-12-31
1000019,2,2023-03-16,11285404.34,Account Credit,BENEF25613685,HDFC0005758,DIS105088230,2024-12-31
1000020,1,2022-07-23,26120182.08,Cheque,BENEF33764288,HDFC0007388,DIS987525153,2024-12-31
1000020,2,2022-08-21,7907408.64,Cheque,BENEF16007154,HDFC0003554,DIS252116381,2024-12-31
1000020,3,2022-08-30,12298121.73,NEFT,BENEF99728954,HDFC0005230,DIS554021632,2024-12-31
1000021,1,2021-03-14,13333632.6,Cheque,BENEF94045854,HDFC0006074,DIS319984231,2024-12-31
1000022,1,2018-09-07,8367095.81,NEFT,BENEF11372698,HDFC0007813,DIS984285361,2024-12-31
1000022,2,2018-09-15,3043441.71,Cheque,BENEF35433791,HDFC0008998,DIS372113539,2024-12-31
1000022,3,2018-10-15,3495182.97,NEFT,BENEF63078880,HDFC0001684,DIS847326207,2024-12-31
1000023,1,2018-10-08,16889724.56,NEFT,BENEF95576828,HDFC0002874,DIS223779242,2024-12-31
1000023,2,2018-10-13,31153142.71,Account Credit,BENEF75570300,HDFC0002089,DIS296879759,2024-12-31
1000024,1,2024-05-04,29766505.76,Account Credit,BENEF44426734,HDFC0007524,DIS405808958,2024-12-31
1000025,1,2023-02-16,19849713.75,Cheque,BENEF45097827,HDFC0002777,DIS917106027,2024-12-31
1000026,1,2021-11-30,26927956.76,Cheque,BENEF37128906,HDFC0002417,DIS695658257,2024-12-31
1000027,1,2018-02-02,18709335.87,Account Credit,BENEF72942341,HDFC0008844,DIS217407113,2024-12-31
1000027,2,2018-02-05,30484944.31,NEFT,BENEF62085048,HDFC0004022,DIS189773437,2024-12-31
1000028,1,2019-09-29,3648154.88,RTGS,BENEF59781610,HDFC0008177,DIS892793340,2024-12-31
1000028,2,2019-10-03,2211735.77,RTGS,BENEF15509893,HDFC0009251,DIS923334686,2024-12-31
1000029,1,2019-01-14,14868260.77,NEFT,BENEF86343225,HDFC0001232,DIS263971681,2024-12-31
1000029,2,2019-02-13,4194912.17,NEFT,BENEF33559104,HDFC0006736,DIS596106767,2024-12-31
1000029,3,2019-01-26,5414566.48,Account Credit,BENEF17573659,HDFC0007411,DIS508058768,2024-12-31
1000030,1,2024-04-16,8162940.62,RTGS,BENEF40230610,HDFC0004014,DIS773465510,2024-12-31
1000031,1,2021-06-16,27671002.33,IMPS,BENEF13397006,HDFC0008217,DIS174499298,2024-12-31
1000032,1,2019-09-26,21100927.56,RTGS,BENEF29241916,HDFC0009964,DIS440970538,2024-12-31
1000032,2,2019-09-27,17926872.91,NEFT,BENEF18741781,HDFC0007716,DIS656249065,2024-12-31
1000033,1,2020-10-13,36854567.14,IMPS,BENEF53171972,HDFC0007068,DIS141263927,2024-12-31
1000034,1,2021-06-04,10058684.22,IMPS,BENEF10792100,HDFC0007245,DIS103673216,2024-12-31
1000035,1,2021-12-09,14002292.75,RTGS,BENEF86095382,HDFC0002960,DIS341074444,2024-12-31
1000036,1,2018-06-06,2830011.3,NEFT,BENEF97088867,HDFC0008805,DIS713634721,2024-12-31
1000036,2,2018-06-26,6180522.73,RTGS,BENEF92684709,HDFC0007336,DIS582830779,2024-12-31
1000037,1,2022-11-22,17772229.91,IMPS,BENEF56324745,HDFC0008454,DIS614460934,2024-12-31
1000037,2,2022-11-26,18172079.15,RTGS,BENEF58336521,HDFC0004667,DIS255056270,2024-12-31
1000037,3,2022-12-10,9040977.11,IMPS,BENEF33401284,HDFC0007364,DIS376178153,2024-12-31
1000038,1,2023-09-09,7050327.97,RTGS,BENEF50246214,HDFC0003359,DIS145692965,2024-12-31
1000038,2,2023-09-23,8714062.72,RTGS,BENEF82678701,HDFC0004718,DIS531892193,2024-12-31
1000039,1,2024-05-20,21080272.06,RTGS,BENEF64464528,HDFC0007899,DIS548529473,2024-12-31
1000040,1,2022-12-17,30372412.37,RTGS,BENEF62135917,HDFC0008594,DIS490369859,2024-12-31
1000041,1,2020-08-20,33226306.43,RTGS,BENEF81126909,HDFC0004373,DIS364148131,2024-12-31
1000042,1,2022-08-25,30602571.26,RTGS,BENEF98493234,HDFC0006954,DIS597546118,2024-12-31
1000043,1,2022-10-08,32837294.75,IMPS,BENEF60307037,HDFC0006028,DIS329258575,2024-12-31
1000044,1,2024-04-08,22877445.09,NEFT,BENEF97541827,HDFC0008410,DIS422466437,2024-12-31
1000045,1,2023-01-18,15249994.8,IMPS,BENEF16829764,HDFC0004267,DIS333193248,2024-12-31
1000045,2,2023-02-15,3089496.32,NEFT,BENEF61578597,HDFC0009478,DIS563624345,2024-12-31
1000045,3,2023-01-28,4011598.12,Account Credit,BENEF13199132,HDFC0004382,DIS514432854,2024-12-31
1000046,1,2021-01-17,22049642.4,NEFT,BENEF85613436,HDFC0003553,DIS788524209,2024-12-31
1000047,1,2021-09-17,35350315.17,Cheque,BENEF30224364,HDFC0007738,DIS439829290,2024-12-31
1000048,1,2023-05-08,47308495.48,IMPS,BENEF75321753,HDFC0006180,DIS755366959,2024-12-31
1000049,1,2023-06-23,20380942.77,IMPS,BENEF14738104,HDFC0002590,DIS944994295,2024-12-31
1000049,2,2023-06-23,5550993.42,NEFT,BENEF17080348,HDFC0006431,DIS196579827,2024-12-31
1000049,3,2023-07-13,11469095.69,Account Credit,BENEF57874974,HDFC0004326,DIS898417572,2024-12-31
1000050,1,2018-04-21,42041232.59,NEFT,BENEF18861468,HDFC0006946,DIS769189920,2024-12-31
1000051,1,2020-05-16,4890170.92,RTGS,BENEF55448910,HDFC0003870,DIS411107084,2024-12-31
1000051,2,2020-06-10,1802350.4,RTGS,BENEF30403362,HDFC0003674,DIS545802434,2024-12-31
1000051,3,2020-05-22,2475757.1,RTGS,BENEF92985330,HDFC0007712,DIS269952308,2024-12-31
1000052,1,2018-08-02,41762054.65,RTGS,BENEF47746670,HDFC0005086,DIS221719840,2024-12-31
1000053,1,2019-09-17,47485625.46,Account Credit,BENEF23028371,HDFC0001645,DIS245598039,2024-12-31
1000054,1,2019-11-02,18766862.23,NEFT,BENEF12678196,HDFC0006937,DIS573451981,2024-12-31
1000054,2,2019-11-20,19601352.88,RTGS,BENEF70040074,HDFC0001325,DIS628030831,2024-12-31
1000055,1,2019-02-22,24797332.52,NEFT,BENEF21409917,HDFC0007061,DIS173970067,2024-12-31
1000055,2,2019-03-13,8264282.97,NEFT,BENEF62830211,HDFC0003449,DIS219155077,2024-12-31
1000055,3,2019-04-21,14017767.38,IMPS,BENEF99778757,HDFC0004229,DIS780991511,2024-12-31
1000056,1,2021-10-29,21476062.86,IMPS,BENEF21149828,HDFC0006811,DIS747265048,2024-12-31
1000057,1,2021-01-11,17623020.32,Cheque,BENEF66067933,HDFC0003769,DIS492147671,2024-12-31
1000057,2,2021-01-17,11382781.77,RTGS,BENEF79851147,HDFC0001384,DIS625713719,2024-12-31
1000057,3,2021-01-31,6388899.23,Account Credit,BENEF16980807,HDFC0004912,DIS852172135,2024-12-31
1000058,1,2021-02-16,42600486.68,Account Credit,BENEF55300876,HDFC0001662,DIS392956009,2024-12-31
1000059,1,2023-06-21,925262.47,IMPS,BENEF54683613,HDFC0001514,DIS240284211,2024-12-31
1000059,2,2023-07-18,606867.42,Account Credit,BENEF93774633,HDFC0001174,DIS888815055,2024-12-31
1000060,1,2020-09-15,606540.61,RTGS,BENEF73098568,HDFC0007226,DIS517038254,2024-12-31
1000061,1,2022-07-15,39667350.12,NEFT,BENEF60350701,HDFC0006499,DIS493841945,2024-12-31
1000062,1,2023-02-02,31964711.81,RTGS,BENEF55919735,HDFC0003168,DIS471771396,2024-12-31
1000062,2,2023-02-25,17867198.24,NEFT,BENEF35891060,HDFC0009008,DIS402409870,2024-12-31
1000063,1,2020-02-24,37169765.08,RTGS,BENEF21381032,HDFC0006220,DIS646310475,2024-12-31
1000064,1,2020-01-05,12877733.88,Cheque,BENEF24367955,HDFC0004980,DIS179902102,2024-12-31
1000064,2,2020-01-10,28770421.45,RTGS,BENEF30670352,HDFC0004882,DIS936312468,2024-12-31
1000065,1,2019-02-25,14677618.56,NEFT,BENEF11804855,HDFC0006589,DIS762993351,2024-12-31
1000066,1,2019-04-13,48278332.39,IMPS,BENEF71842562,HDFC0006421,DIS944102411,2024-12-31
1000067,1,2018-12-15,7544959.47,NEFT,BENEF28618004,HDFC0004268,DIS901080200,2024-12-31
1000068,1,2022-10-23,7140630.08,Account Credit,BENEF10515548,HDFC0008093,DIS949966218,2024-12-31
1000068,2,2022-10-29,6856564.4,NEFT,BENEF20658492,HDFC0007338,DIS444032199,2024-12-31
1000068,3,2022-12-02,5083669.02,RTGS,BENEF73893558,HDFC0004232,DIS860464354,2024-12-31
1000069,1,2019-10-06,16977488.8,RTGS,BENEF89431668,HDFC0002003,DIS575148289,2024-12-31
1000069,2,2019-10-06,5361142.25,NEFT,BENEF36537596,HDFC0005313,DIS254503687,2024-12-31
1000069,3,2019-12-01,8974568.97,RTGS,BENEF35413534,HDFC0003031,DIS854698869,2024-12-31
1000070,1,2021-03-04,8837316.9,NEFT,BENEF40563463,HDFC0003661,DIS523771505,2024-12-31
1000070,2,2021-03-24,14711315.8,Cheque,BENEF49825016,HDFC0007754,DIS644016077,2024-12-31
1000071,1,2020-12-24,5827337.49,RTGS,BENEF56272775,HDFC0004944,DIS669674636,2024-12-31
1000072,1,2021-01-20,6305247.54,Account Credit,BENEF43778330,HDFC0005611,DIS909920336,2024-12-31
1000073,1,2024-06-14,30225310.68,NEFT,BENEF56200862,HDFC0001989,DIS765553914,2024-12-31
1000074,1,2020-01-14,12271237.12,IMPS,BENEF69851981,HDFC0001196,DIS899152426,2024-12-31
1000074,2,2020-02-04,13725058.55,NEFT,BENEF88938629,HDFC0006922,DIS849553368,2024-12-31
1000075,1,2021-09-12,16120806.97,Account Credit,BENEF86396882,HDFC0005299,DIS880770209,2024-12-31
1000076,1,2022-07-14,2158622.84,Cheque,BENEF59720070,HDFC0009187,DIS422387947,2024-12-31
1000076,2,2022-08-07,2335560.82,RTGS,BENEF83271725,HDFC0004117,DIS344932992,2024-12-31
1000077,1,2018-07-31,18152790.02,IMPS,BENEF64993351,HDFC0008617,DIS595682408,2024-12-31
1000078,1,2019-10-11,1540585.18,Cheque,BENEF64122182,HDFC0008596,DIS598637732,2024-12-31
1000079,1,2023-08-04,47358331.04,IMPS,BENEF61749546,HDFC0007874,DIS126285005,2024-12-31
1000080,1,2020-02-20,7544989.63,Account Credit,BENEF94851513,HDFC0003447,DIS528872082,2024-12-31
1000080,2,2020-03-02,4717182.58,NEFT,BENEF98821543,HDFC0003830,DIS262176514,2024-12-31
1000081,1,2021-03-04,46718994.84,NEFT,BENEF12199743,HDFC0007410,DIS607115620,2024-12-31
1000082,1,2023-02-09,16688753.79,NEFT,BENEF76749487,HDFC0007426,DIS269990879,2024-12-31
1000083,1,2022-05-01,15976998.73,Cheque,BENEF47268182,HDFC0004731,DIS303953026,2024-12-31
1000084,1,2022-12-09,48271144.15,RTGS,BENEF68399149,HDFC0003618,DIS623279634,2024-12-31
1000085,1,2022-06-17,7620681.51,NEFT,BENEF53390242,HDFC0008810,DIS752639236,2024-12-31
1000085,2,2022-06-24,6612955.31,RTGS,BENEF76334640,HDFC0004545,DIS547047480,2024-12-31
1000085,3,2022-07-17,9293944.17,NEFT,BENEF51340090,HDFC0003598,DIS463548050,2024-12-31
1000086,1,2020-07-20,1891365.08,IMPS,BENEF92091154,HDFC0002996,DIS743295718,2024-12-31
1000087,1,2018-07-08,8401602.86,NEFT,BENEF60110818,HDFC0003099,DIS496820123,2024-12-31
1000088,1,2019-11-28,26605199.28,NEFT,BENEF70005821,HDFC0007062,DIS547750962,2024-12-31
1000089,1,2023-02-26,7241574.23,NEFT,BENEF41331564,HDFC0006120,DIS780614261,2024-12-31
1000090,1,2022-10-04,15256302.73,NEFT,BENEF55735675,HDFC0006424,DIS849825646,2024-12-31
1000090,2,2022-10-08,2601199.22,Account Credit,BENEF94917104,HDFC0004750,DIS860321828,2024-12-31
1000090,3,2022-11-09,4284814.25,IMPS,BENEF43433510,HDFC0009005,DIS704836641,2024-12-31
1000091,1,2021-04-24,11936564.53,NEFT,BENEF22828887,HDFC0007293,DIS905512878,2024-12-31
1000092,1,2020-07-31,37284090.49,NEFT,BENEF75892915,HDFC0008580,DIS747036581,2024-12-31
1000093,1,2021-06-19,21349790.23,NEFT,BENEF70328845,HDFC0007382,DIS934762567,2024-12-31
1000093,2,2021-07-13,3810374.98,NEFT,BENEF29204323,HDFC0006960,DIS935112665,2024-12-31
1000093,3,2021-06-21,6289415.16,RTGS,BENEF39975290,HDFC0001050,DIS451343765,2024-12-31
1000094,1,2024-01-19,37399295.16,RTGS,BENEF29611920,HDFC0005468,DIS443635681,2024-12-31
1000095,1,2021-10-19,45711042.78,IMPS,BENEF81982332,HDFC0004277,DIS984909762,2024-12-31
1000096,1,2019-01-05,18150982.21,RTGS,BENEF26154770,HDFC0005843,DIS887503642,2024-12-31
1000096,2,2019-01-06,30215778.18,IMPS,BENEF36164817,HDFC0009577,DIS957757046,2024-12-31
1000097,1,2019-03-20,29269548.57,IMPS,BENEF66772934,HDFC0001178,DIS420165131,2024-12-31
1000098,1,2021-05-22,11146223.28,NEFT,BENEF13868320,HDFC0007904,DIS184513867,2024-12-31
1000099,1,2019-07-10,5894411.99,Account Credit,BENEF29812515,HDFC0008318,DIS772044133,2024-12-31
1000100,1,2021-02-19,32780602.68,RTGS,BENEF52156045,HDFC0002765,DIS393724281,2024-12-31
1000101,1,2022-01-09,5057795.77,IMPS,BENEF70845390,HDFC0005665,DIS274913716,2024-12-31
1000102,1,2018-07-27,33172160.03,Account Credit,BENEF26631582,HDFC0001858,DIS450617550,2024-12-31
1000103,1,2019-08-28,10875972.46,NEFT,BENEF60335546,HDFC0001417,DIS775265863,2024-12-31
1000104,1,2018-04-16,27056751.3,RTGS,BENEF53836914,HDFC0001565,DIS791082762,2024-12-31
1000105,1,2019-04-11,2714710.99,IMPS,BENEF15285691,HDFC0009383,DIS159978336,2024-12-31
1000106,1,2023-11-06,14778060.82,NEFT,BENEF19112666,HDFC0003292,DIS262746974,2024-12-31
1000106,2,2023-11-09,10463489.8,RTGS,BENEF41542991,HDFC0002505,DIS910309537,2024-12-31
1000107,1,2018-10-29,34336265.05,NEFT,BENEF65383843,HDFC0006629,DIS906219798,2024-12-31
1000108,1,2023-09-02,49731925.02,RTGS,BENEF80421269,HDFC0007821,DIS789147591,2024-12-31
1000109,1,2023-02-01,13077894.73,Cheque,BENEF37817237,HDFC0008348,DIS270789864,2024-12-31
1000109,2,2023-02-04,9554695.58,IMPS,BENEF44997902,HDFC0004725,DIS356909240,2024-12-31
1000110,1,2018-10-02,47684266.63,RTGS,BENEF17044162,HDFC0004694,DIS613992947,2024-12-31
1000111,1,2024-04-19,27862899.71,IMPS,BENEF30485751,HDFC0003255,DIS637497841,2024-12-31
1000112,1,2019-03-01,48423091.4,IMPS,BENEF99961177,HDFC0007484,DIS120675681,2024-12-31
1000113,1,2024-06-09,42284133.59,RTGS,BENEF99877837,HDFC0007798,DIS690591380,2024-12-31
1000114,1,2018-04-29,46461306.12,RTGS,BENEF38029575,HDFC0004760,DIS725711439,2024-12-31
1000115,1,2018-05-06,28359422.63,IMPS,BENEF88058777,HDFC0007031,DIS646694183,2024-12-31
1000116,1,2018-08-04,6788932.02,NEFT,BENEF10986492,HDFC0005610,DIS385235995,2024-12-31
1000116,2,2018-08-21,11776717.29,RTGS,BENEF62132821,HDFC0003619,DIS996383664,2024-12-31
1000117,1,2020-06-01,24334519.07,NEFT,BENEF36276131,HDFC0006358,DIS379539935,2024-12-31
1000118,1,2018-08-13,33389914.68,NEFT,BENEF13867816,HDFC0008299,DIS747861303,2024-12-31
1000119,1,2019-12-21,3462035.96,RTGS,BENEF34807736,HDFC0002846,DIS144732180,2024-12-31
1000119,2,2019-12-24,1194407.83,IMPS,BENEF37592908,HDFC0004279,DIS915785316,2024-12-31
1000119,3,2020-01-26,1430774.96,IMPS,BENEF50078726,HDFC0004511,DIS737006108,2024-12-31
1000120,1,2018-03-18,8849224.34,IMPS,BENEF40844582,HDFC0005134,DIS332793730,2024-12-31
1000120,2,2018-04-03,11064627.25,NEFT,BENEF11658976,HDFC0004545,DIS990762470,2024-12-31
1000121,1,2019-12-05,14546808.76,NEFT,BENEF62153213,HDFC0006363,DIS591649559,2024-12-31
1000122,1,2022-06-10,11809578.07,Account Credit,BENEF74448074,HDFC0005675,DIS953628157,2024-12-31
1000122,2,2022-07-07,6968439.01,Account Credit,BENEF20425244,HDFC0002757,DIS100290700,2024-12-31
1000122,3,2022-08-03,3062241.61,NEFT,BENEF16714649,HDFC0001183,DIS394453633,2024-12-31
1000123,1,2020-03-05,10775964.28,IMPS,BENEF31406009,HDFC0002593,DIS157485822,2024-12-31
1000123,2,2020-03-25,6617580.76,NEFT,BENEF66796333,HDFC0007108,DIS181711216,2024-12-31
1000123,3,2020-03-21,8179570.86,RTGS,BENEF13005743,HDFC0005873,DIS927257614,2024-12-31
1000124,1,2018-11-05,7407566.49,NEFT,BENEF45262440,HDFC0008486,DIS959591246,2024-12-31
1000125,1,2021-07-18,11204666.09,IMPS,BENEF14075870,HDFC0008807,DIS287455232,2024-12-31
1000125,2,2021-07-20,6414566.63,IMPS,BENEF71101892,HDFC0005475,DIS389982059,2024-12-31
1000125,3,2021-07-18,14566059.63,IMPS,BENEF74387599,HDFC0002036,DIS885371301,2024-12-31
1000126,1,2023-03-07,2902988.8,NEFT,BENEF60657129,HDFC0001489,DIS139901496,2024-12-31
1000127,1,2018-06-18,29744582.95,RTGS,BENEF33491174,HDFC0001217,DIS719292065,2024-12-31
1000128,1,2018-12-12,12705122.44,IMPS,BENEF47691414,HDFC0005613,DIS871881681,2024-12-31
1000128,2,2018-12-27,9875980.7,NEFT,BENEF45874310,HDFC0001399,DIS820741213,2024-12-31
1000129,1,2021-03-04,26185126.96,NEFT,BENEF70128082,HDFC0001031,DIS798127845,2024-12-31
1000130,1,2021-03-09,16551568.68,Cheque,BENEF68430949,HDFC0009004,DIS950364626,2024-12-31
1000131,1,2019-06-13,15580563.7,IMPS,BENEF48455675,HDFC0006964,DIS194935958,2024-12-31
1000132,1,2019-01-18,33538808.36,Cheque,BENEF83093732,HDFC0003685,DIS500792887,2024-12-31
1000133,1,2020-02-26,47563348.75,IMPS,BENEF82580520,HDFC0003387,DIS444361065,2024-12-31
1000134,1,2018-06-04,16919771.02,RTGS,BENEF59943747,HDFC0008659,DIS473057766,2024-12-31
1000134,2,2018-06-28,21646877.53,NEFT,BENEF76372099,HDFC0009884,DIS537899599,2024-12-31
1000135,1,2022-11-28,41584118.33,NEFT,BENEF43983969,HDFC0003255,DIS457345648,2024-12-31
1000136,1,2020-03-05,14929879.03,IMPS,BENEF32048771,HDFC0001700,DIS468780668,2024-12-31
1000136,2,2020-04-01,5938668.16,Account Credit,BENEF29468347,HDFC0006597,DIS680047190,2024-12-31
1000136,3,2020-04-14,5878609.18,Cheque,BENEF31398059,HDFC0003285,DIS976450587,2024-12-31
1000137,1,2019-07-21,16641429.75,NEFT,BENEF66234015,HDFC0002833,DIS638356589,2024-12-31
1000137,2,2019-08-07,9778813.69,NEFT,BENEF23933855,HDFC0001066,DIS373500468,2024-12-31
1000138,1,2021-01-22,24090240.5,IMPS,BENEF54949481,HDFC0009014,DIS225543343,2024-12-31
1000138,2,2021-02-17,7951269.17,IMPS,BENEF83611807,HDFC0007471,DIS661696926,2024-12-31
1000138,3,2021-03-05,10531676.13,Cheque,BENEF39403268,HDFC0006752,DIS905119873,2024-12-31
1000139,1,2018-08-07,44243025.71,Account Credit,BENEF40308351,HDFC0008432,DIS267182869,2024-12-31
1000140,1,2019-08-22,991456.73,IMPS,BENEF77714331,HDFC0002766,DIS631720085,2024-12-31
1000140,2,2019-08-26,515101.79,Account Credit,BENEF51145240,HDFC0004962,DIS911534685,2024-12-31
1000141,1,2020-11-14,30805878.03,NEFT,BENEF95664279,HDFC0002582,DIS974556653,2024-12-31
1000142,1,2022-09-16,11958247.31,NEFT,BENEF26250483,HDFC0004392,DIS299409014,2024-12-31
1000143,1,2019-08-12,15362847.27,NEFT,BENEF25965592,HDFC0007912,DIS483878046,2024-12-31
1000143,2,2019-09-02,11486236.57,RTGS,BENEF90203261,HDFC0005918,DIS468475537,2024-12-31
1000144,1,2024-02-07,26221879.43,NEFT,BENEF93115371,HDFC0008838,DIS782061852,2024-12-31
1000145,1,2018-03-08,31819972.49,IMPS,BENEF14230279,HDFC0009191,DIS443202087,2024-12-31
1000146,1,2021-12-14,36785830.54,IMPS,BENEF61506760,HDFC0009831,DIS926552926,2024-12-31
1000147,1,2018-06-01,40593734.32,RTGS,BENEF57117793,HDFC0009033,DIS129343354,2024-12-31
1000148,1,2020-11-03,19971380.38,RTGS,BENEF21653940,HDFC0008780,DIS370750852,2024-12-31
1000149,1,2022-06-27,13733508.65,NEFT,BENEF94731492,HDFC0002540,DIS588215591,2024-12-31
1000150,1,2022-10-05,46223092.28,NEFT,BENEF72985628,HDFC0001562,DIS446681717,2024-12-31
1000151,1,2022-10-12,16463203.28,IMPS,BENEF70558903,HDFC0004548,DIS758973884,2024-12-31
1000152,1,2018-11-04,49907714.83,IMPS,BENEF89648700,HDFC0001462,DIS643629617,2024-12-31
1000153,1,2018-05-23,7224695.47,NEFT,BENEF46875132,HDFC0007359,DIS960397564,2024-12-31
1000154,1,2022-03-04,4355162.94,NEFT,BENEF25793207,HDFC0009466,DIS627313543,2024-12-31
1000154,2,2022-03-18,1257047.32,NEFT,BENEF31843423,HDFC0001652,DIS411692921,2024-12-31
1000154,3,2022-04-11,2144354.09,NEFT,BENEF24720271,HDFC0003536,DIS999123955,2024-12-31
1000155,1,2023-08-07,12555621.49,RTGS,BENEF10764034,HDFC0007345,DIS932944604,2024-12-31
1000156,1,2020-03-30,27975576.52,IMPS,BENEF15888759,HDFC0005952,DIS296148792,2024-12-31
1000156,2,2020-04-06,21843042.58,NEFT,BENEF88325414,HDFC0009083,DIS345599679,2024-12-31
1000157,1,2021-11-24,25274188.03,Account Credit,BENEF23628162,HDFC0003694,DIS249470567,2024-12-31
1000157,2,2021-11-28,15270421.57,IMPS,BENEF91229370,HDFC0001387,DIS570403386,2024-12-31
1000158,1,2020-04-03,39705449.55,IMPS,BENEF12756510,HDFC0009604,DIS844975061,2024-12-31
1000159,1,2018-09-27,40202720.14,NEFT,BENEF73573301,HDFC0001549,DIS399468967,2024-12-31
1000160,1,2023-01-18,3780160.57,RTGS,BENEF18747686,HDFC0002429,DIS382153127,2024-12-31
1000161,1,2019-05-24,12272628.87,RTGS,BENEF42646040,HDFC0003253,DIS229934440,2024-12-31
1000161,2,2019-05-24,9415023.63,NEFT,BENEF86560560,HDFC0004060,DIS813652790,2024-12-31
1000162,1,2018-11-20,47379408.53,Account Credit,BENEF60105741,HDFC0005309,DIS613119468,2024-12-31
1000163,1,2019-09-24,26720553.69,IMPS,BENEF88130892,HDFC0007770,DIS224392800,2024-12-31
1000164,1,2020-05-13,2368543.98,NEFT,BENEF50311369,HDFC0003182,DIS901700901,2024-12-31
1000165,1,2021-05-03,7368033.46,RTGS,BENEF11632815,HDFC0002847,DIS663245360,2024-12-31
1000165,2,2021-05-24,16830912.97,NEFT,BENEF81205095,HDFC0001145,DIS425713292,2024-12-31
1000166,1,2021-07-31,3647863.63,NEFT,BENEF74476742,HDFC0004498,DIS302579662,2024-12-31
1000166,2,2021-08-21,6632884.75,RTGS,BENEF74254637,HDFC0004508,DIS206350921,2024-12-31
1000167,1,2020-10-12,12162719.26,IMPS,BENEF82665857,HDFC0002161,DIS256886986,2024-12-31
1000168,1,2024-06-24,48138024.03,RTGS,BENEF19126002,HDFC0008826,DIS651242503,2024-12-31
1000169,1,2022-05-30,14466357.51,NEFT,BENEF65500187,HDFC0006926,DIS341959177,2024-12-31
1000169,2,2022-06-12,18619808.38,NEFT,BENEF67964749,HDFC0001703,DIS444120916,2024-12-31
1000169,3,2022-07-17,10879709.72,RTGS,BENEF35851098,HDFC0007122,DIS519592782,2024-12-31
1000170,1,2021-03-16,24795220.76,Cheque,BENEF27089453,HDFC0008853,DIS760239309,2024-12-31
1000171,1,2020-03-08,9250253.25,IMPS,BENEF95274489,HDFC0003576,DIS359137502,2024-12-31
1000171,2,2020-03-17,4915690.07,RTGS,BENEF20073766,HDFC0008090,DIS744053736,2024-12-31
1000171,3,2020-03-08,4194330.57,RTGS,BENEF85388309,HDFC0002390,DIS856423593,2024-12-31
1000172,1,2022-06-02,12198256.59,NEFT,BENEF47230579,HDFC0007443,DIS401542652,2024-12-31
1000172,2,2022-06-16,21853635.55,IMPS,BENEF55833023,HDFC0005972,DIS997996563,2024-12-31
1000173,1,2018-06-09,25505213.56,Account Credit,BENEF73070505,HDFC0009379,DIS623757850,2024-12-31
1000174,1,2021-05-10,46575299.9,Cheque,BENEF89129551,HDFC0003248,DIS603937212,2024-12-31
1000175,1,2022-09-03,40805866.78,RTGS,BENEF55957495,HDFC0009728,DIS655121927,2024-12-31
1000176,1,2019-08-29,29217811.52,NEFT,BENEF45998754,HDFC0005444,DIS410254439,2024-12-31
1000177,1,2022-08-19,1044974.64,NEFT,BENEF53508602,HDFC0004922,DIS707753897,2024-12-31
1000178,1,2023-11-23,25982292.26,NEFT,BENEF54962735,HDFC0009481,DIS825956975,2024-12-31
1000179,1,2021-02-16,30542821.35,RTGS,BENEF99883548,HDFC0004085,DIS924970932,2024-12-31
1000180,1,2021-03-24,24042190.82,NEFT,BENEF49596283,HDFC0004112,DIS837771633,2024-12-31
1000181,1,2018-06-22,47734982.28,RTGS,BENEF53103015,HDFC0004349,DIS956878875,2024-12-31
1000182,1,2024-04-21,10777941.72,NEFT,BENEF49119248,HDFC0005047,DIS320905013,2024-12-31
1000183,1,2020-08-11,2633194.95,Cheque,BENEF34572290,HDFC0009142,DIS502651705,2024-12-31
1000184,1,2022-07-25,48229486.48,IMPS,BENEF86261088,HDFC0008521,DIS677038107,2024-12-31
1000185,1,2024-06-09,14342225.53,IMPS,BENEF43894767,HDFC0003038,DIS504330388,2024-12-31
1000186,1,2020-02-03,34579473.09,NEFT,BENEF44200134,HDFC0009110,DIS588295435,2024-12-31
1000186,2,2020-03-03,15279399.88,Account Credit,BENEF88327265,HDFC0005539,DIS648809213,2024-12-31
1000187,1,2023-11-18,14299626.45,NEFT,BENEF67405901,HDFC0009020,DIS739168200,2024-12-31
1000188,1,2020-02-02,8208463.7,RTGS,BENEF26031606,HDFC0003289,DIS294459726,2024-12-31
1000189,1,2022-10-18,30586629.53,Cheque,BENEF17315154,HDFC0001672,DIS175462552,2024-12-31
1000190,1,2022-04-21,16247723.34,RTGS,BENEF27102306,HDFC0002571,DIS897815003,2024-12-31
1000191,1,2019-04-30,32718800.02,NEFT,BENEF98623556,HDFC0001981,DIS110582904,2024-12-31
1000192,1,2020-06-23,31971695.13,IMPS,BENEF48143081,HDFC0008041,DIS358428472,2024-12-31
1000193,1,2020-06-13,35126842.27,IMPS,BENEF45800669,HDFC0006792,DIS353792122,2024-12-31
1000194,1,2023-09-02,45870510.87,RTGS,BENEF39510761,HDFC0003815,DIS965124849,2024-12-31
1000195,1,2019-01-08,15433683.31,IMPS,BENEF31527957,HDFC0002493,DIS713364569,2024-12-31
1000195,2,2019-01-16,11096773.07,Cheque,BENEF26718600,HDFC0002567,DIS364347668,2024-12-31
1000195,3,2019-03-03,7516275.99,RTGS,BENEF42483979,HDFC0008528,DIS754560757,2024-12-31
1000196,1,2018-03-31,28239168.14,Account Credit,BENEF47509920,HDFC0002759,DIS103402003,2024-12-31
1000197,1,2018-10-10,35049205.42,RTGS,BENEF90492563,HDFC0007335,DIS579066243,2024-12-31
1000198,1,2022-03-27,18785599.94,Cheque,BENEF64832587,HDFC0008276,DIS575160348,2024-12-31
1000199,1,2019-06-06,9005834.09,RTGS,BENEF92551005,HDFC0007228,DIS124724610,2024-12-31
1000200,1,2020-10-10,21263988.68,NEFT,BENEF75970674,HDFC0008154,DIS947813397,2024-12-31
1000201,1,2020-09-12,17692002.21,RTGS,BENEF92629511,HDFC0007355,DIS574797329,2024-12-31
1000201,2,2020-10-01,22800959.15,NEFT,BENEF29396573,HDFC0002267,DIS745268953,2024-12-31
1000202,1,2024-01-20,21242906.37,IMPS,BENEF37800640,HDFC0004570,DIS437382335,2024-12-31
1000202,2,2024-01-31,15810093.45,RTGS,BENEF43388761,HDFC0005762,DIS347922133,2024-12-31
1000203,1,2024-06-23,40807734.21,RTGS,BENEF13258266,HDFC0004998,DIS793075924,2024-12-31
1000204,1,2024-03-30,11130032.75,IMPS,BENEF12936591,HDFC0007371,DIS713811510,2024-12-31
1000205,1,2023-11-19,48617282.74,NEFT,BENEF68558100,HDFC0008296,DIS555414514,2024-12-31
1000206,1,2019-08-15,23728589.14,NEFT,BENEF46120895,HDFC0007006,DIS379021573,2024-12-31
1000207,1,2023-01-17,12218639.95,NEFT,BENEF88583752,HDFC0009473,DIS743284335,2024-12-31
1000208,1,2024-04-08,30185810.04,Cheque,BENEF61196558,HDFC0006973,DIS151516549,2024-12-31
1000209,1,2023-05-16,15745879.97,NEFT,BENEF92604294,HDFC0001820,DIS368855421,2024-12-31
1000209,2,2023-05-18,31118392.21,RTGS,BENEF44245026,HDFC0008423,DIS260019039,2024-12-31
1000210,1,2021-06-17,19095021.04,RTGS,BENEF34967191,HDFC0004753,DIS539659024,2024-12-31
1000211,1,2018-07-07,45725091.89,NEFT,BENEF22384401,HDFC0001854,DIS714834284,2024-12-31
1000212,1,2024-05-22,7705329.37,Cheque,BENEF33614794,HDFC0005722,DIS688344539,2024-12-31
1000213,1,2023-03-03,38191695.22,Cheque,BENEF41708297,HDFC0001281,DIS967292114,2024-12-31
1000214,1,2023-11-17,24809088.18,NEFT,BENEF23624482,HDFC0005408,DIS977558198,2024-12-31
1000214,2,2023-12-04,12905506.83,NEFT,BENEF72080682,HDFC0007044,DIS876539211,2024-12-31
1000214,3,2023-11-27,8138684.54,NEFT,BENEF35072772,HDFC0005024,DIS944936419,2024-12-31
1000215,1,2023-02-11,35387761.23,NEFT,BENEF46552513,HDFC0009409,DIS973280418,2024-12-31
1000216,1,2021-01-30,27627013.69,Cheque,BENEF62855703,HDFC0003211,DIS279316246,2024-12-31
1000217,1,2020-09-14,5440119.79,Cheque,BENEF42470699,HDFC0007016,DIS716182316,2024-12-31
1000218,1,2020-07-14,9076198.32,NEFT,BENEF24747331,HDFC0005066,DIS274039487,2024-12-31
1000218,2,2020-08-03,9639075.69,IMPS,BENEF15673858,HDFC0002098,DIS505257116,2024-12-31
1000219,1,2018-12-05,23852654.5,RTGS,BENEF75760850,HDFC0007471,DIS690897037,2024-12-31
1000220,1,2021-01-15,45965695.55,Cheque,BENEF72628704,HDFC0009514,DIS480035335,2024-12-31
1000221,1,2019-08-14,24662006.98,IMPS,BENEF43746338,HDFC0009576,DIS537741235,2024-12-31
1000221,2,2019-08-19,21783434.45,RTGS,BENEF77072182,HDFC0003068,DIS964189002,2024-12-31
1000222,1,2021-09-20,41749062.95,RTGS,BENEF59325184,HDFC0005889,DIS224056047,2024-12-31
1000223,1,2021-10-27,4974520.79,RTGS,BENEF50200620,HDFC0007121,DIS125636498,2024-12-31
1000224,1,2022-11-04,24581112.46,IMPS,BENEF38933373,HDFC0008135,DIS932227284,2024-12-31
1000225,1,2022-04-06,35684115.78,RTGS,BENEF89246161,HDFC0003291,DIS796935022,2024-12-31
1000226,1,2021-01-09,164728.19,NEFT,BENEF40477018,HDFC0008193,DIS371570728,2024-12-31
1000226,2,2021-01-24,194513.41,RTGS,BENEF72438718,HDFC0007087,DIS319786814,2024-12-31
1000227,1,2021-08-21,1410469.01,Account Credit,BENEF42932467,HDFC0003384,DIS787219326,2024-12-31
1000228,1,2019-11-26,18930371.31,RTGS,BENEF61882781,HDFC0008100,DIS183884443,2024-12-31
1000228,2,2019-12-07,14204742.56,Cheque,BENEF84035401,HDFC0008816,DIS143512759,2024-12-31
1000228,3,2020-01-23,12134744.09,Account Credit,BENEF74351832,HDFC0002110,DIS478475128,2024-12-31
1000229,1,2021-05-12,3257030.8,Account Credit,BENEF32272814,HDFC0001181,DIS208772981,2024-12-31
1000230,1,2021-06-01,30871772.72,RTGS,BENEF18037892,HDFC0001404,DIS647078662,2024-12-31
1000231,1,2021-05-15,16803337.56,RTGS,BENEF70177680,HDFC0007609,DIS458673718,2024-12-31
1000232,1,2024-06-16,7089043.48,NEFT,BENEF59387766,HDFC0001834,DIS960307675,2024-12-31
1000232,2,2024-07-02,7554219.28,RTGS,BENEF68840762,HDFC0008987,DIS565368486,2024-12-31
1000233,1,2020-01-07,1818536.63,RTGS,BENEF86014287,HDFC0009289,DIS172251203,2024-12-31
1000233,2,2020-02-06,3964465.77,NEFT,BENEF60724233,HDFC0006409,DIS809331304,2024-12-31
1000234,1,2022-08-03,23646610.39,NEFT,BENEF29087269,HDFC0004216,DIS200061572,2024-12-31
1000234,2,2022-08-22,16257897.11,RTGS,BENEF62935392,HDFC0004608,DIS144980819,2024-12-31
1000235,1,2022-06-30,39474930.48,Account Credit,BENEF36104468,HDFC0007854,DIS711275724,2024-12-31
1000236,1,2020-10-13,29731615.17,Cheque,BENEF30353642,HDFC0007994,DIS687396879,2024-12-31
1000237,1,2019-02-08,48289267.21,NEFT,BENEF18889007,HDFC0003677,DIS140223433,2024-12-31
1000238,1,2019-09-10,18768566.43,IMPS,BENEF39406359,HDFC0008672,DIS277815864,2024-12-31
1000239,1,2021-07-01,20682967.04,IMPS,BENEF56001399,HDFC0007096,DIS603505776,2024-12-31
1000239,2,2021-07-09,14259243.69,RTGS,BENEF83541296,HDFC0006416,DIS778094295,2024-12-31
1000239,3,2021-08-12,6640544.73,NEFT,BENEF30884053,HDFC0009520,DIS832937704,2024-12-31
1000240,1,2021-05-14,36127497.77,IMPS,BENEF42923144,HDFC0004706,DIS975026417,2024-12-31
1000241,1,2019-12-16,46503130.08,NEFT,BENEF78294681,HDFC0005924,DIS635662276,2024-12-31
1000242,1,2022-06-09,21957983.49,Account Credit,BENEF50311286,HDFC0005221,DIS214350071,2024-12-31
1000242,2,2022-06-26,6023682.75,NEFT,BENEF39387314,HDFC0005075,DIS598589414,2024-12-31
1000242,3,2022-08-04,3543373.67,NEFT,BENEF23233496,HDFC0009883,DIS643145488,2024-12-31
1000243,1,2024-06-22,35266307.24,RTGS,BENEF86044123,HDFC0006426,DIS421139569,2024-12-31
1000244,1,2021-07-07,13191434.43,IMPS,BENEF98970561,HDFC0002086,DIS932113450,2024-12-31
1000245,1,2018-12-14,30906397.7,NEFT,BENEF64482291,HDFC0008080,DIS265405571,2024-12-31
1000246,1,2019-07-19,34702483.43,NEFT,BENEF59711575,HDFC0002937,DIS430720440,2024-12-31
1000247,1,2021-07-12,8426589.64,Account Credit,BENEF63196481,HDFC0004506,DIS535206561,2024-12-31
1000248,1,2023-09-02,9836911.73,NEFT,BENEF91949683,HDFC0003701,DIS460896746,2024-12-31
1000249,1,2021-04-11,8445949.02,RTGS,BENEF21123747,HDFC0002649,DIS188148688,2024-12-31
1000250,1,2023-09-24,37151660.77,NEFT,BENEF82527294,HDFC0008021,DIS628977271,2024-12-31
1000251,1,2024-02-16,27723644.88,Cheque,BENEF96969029,HDFC0003488,DIS155145012,2024-12-31
1000251,2,2024-02-16,13424640.42,RTGS,BENEF14386856,HDFC0003186,DIS412913089,2024-12-31
1000252,1,2022-12-04,10069505.5,Account Credit,BENEF57949350,HDFC0002433,DIS143411204,2024-12-31
1000252,2,2022-12-13,4565908.01,NEFT,BENEF15226739,HDFC0002349,DIS142427534,2024-12-31
1000252,3,2023-01-11,7906230.4,NEFT,BENEF35803109,HDFC0003784,DIS519687196,2024-12-31
1000253,1,2020-04-26,15715488.59,RTGS,BENEF92602298,HDFC0009619,DIS176969365,2024-12-31
1000253,2,2020-05-22,15959765.89,IMPS,BENEF28604725,HDFC0002064,DIS596430106,2024-12-31
1000254,1,2023-10-09,48952107.8,NEFT,BENEF79107561,HDFC0002574,DIS633022104,2024-12-31
1000255,1,2019-06-28,49625062.66,NEFT,BENEF62800378,HDFC0006548,DIS814047527,2024-12-31
1000256,1,2022-03-17,7194364.49,Cheque,BENEF58150867,HDFC0009337,DIS428993166,2024-12-31
1000257,1,2019-01-17,22789312.89,Cheque,BENEF66098929,HDFC0004852,DIS952827503,2024-12-31
1000258,1,2021-01-04,20512627.85,NEFT,BENEF71912861,HDFC0003436,DIS855092420,2024-12-31
1000258,2,2021-01-06,10101154.41,NEFT,BENEF25799861,HDFC0003419,DIS215614607,2024-12-31
1000258,3,2021-02-01,17795833.89,NEFT,BENEF19857239,HDFC0005628,DIS927174952,2024-12-31
1000259,1,2019-02-12,44718317.44,RTGS,BENEF74638823,HDFC0008132,DIS540105909,2024-12-31
1000260,1,2020-04-08,22880254.98,IMPS,BENEF84104323,HDFC0005956,DIS861401895,2024-12-31
1000261,1,2019-11-09,32763939.42,IMPS,BENEF58883349,HDFC0003564,DIS519612165,2024-12-31
1000262,1,2020-07-15,154206.55,NEFT,BENEF43847289,HDFC0007382,DIS300319944,2024-12-31
1000263,1,2022-04-19,16859038.97,RTGS,BENEF53430116,HDFC0008366,DIS242703781,2024-12-31
1000263,2,2022-05-15,17873107.99,NEFT,BENEF66686642,HDFC0006157,DIS906932134,2024-12-31
1000264,1,2019-08-09,19197780.39,NEFT,BENEF32035748,HDFC0005105,DIS546462966,2024-12-31
1000265,1,2022-08-14,36149358.12,Account Credit,BENEF29886742,HDFC0001688,DIS250689986,2024-12-31
1000266,1,2021-07-12,29519738.5,RTGS,BENEF47294047,HDFC0004313,DIS873936345,2024-12-31
1000267,1,2020-04-21,42409816.01,IMPS,BENEF94763590,HDFC0006910,DIS863822586,2024-12-31
1000268,1,2018-10-18,24794897.23,RTGS,BENEF10367395,HDFC0002713,DIS618400795,2024-12-31
1000269,1,2018-10-26,18817919.37,NEFT,BENEF54629799,HDFC0009273,DIS393610444,2024-12-31
1000269,2,2018-11-11,8545256.07,RTGS,BENEF80965631,HDFC0004222,DIS567010757,2024-12-31
1000270,1,2022-08-29,15037786.47,RTGS,BENEF89319341,HDFC0009964,DIS411592665,2024-12-31
1000270,2,2022-09-15,10342082.68,Account Credit,BENEF71261852,HDFC0001729,DIS405464161,2024-12-31
1000271,1,2019-09-29,4271493.98,RTGS,BENEF18428667,HDFC0008774,DIS990725496,2024-12-31
1000272,1,2023-02-01,8260609.03,Cheque,BENEF86758803,HDFC0004783,DIS438421460,2024-12-31
1000272,2,2023-02-27,4038930.68,RTGS,BENEF70300178,HDFC0005336,DIS422425880,2024-12-31
1000273,1,2019-11-03,469102.35,NEFT,BENEF87787726,HDFC0005163,DIS523926776,2024-12-31
1000273,2,2019-11-11,262879.73,NEFT,BENEF40765501,HDFC0001664,DIS338156941,2024-12-31
1000274,1,2019-04-29,8949419.22,NEFT,BENEF16410742,HDFC0002246,DIS961560965,2024-12-31
1000274,2,2019-05-16,6031006.75,Cheque,BENEF83356152,HDFC0007828,DIS117548599,2024-12-31
1000274,3,2019-05-31,3675858.63,Cheque,BENEF95901983,HDFC0006016,DIS925601009,2024-12-31
1000275,1,2023-07-26,35644930.09,RTGS,BENEF87869937,HDFC0004496,DIS673474779,2024-12-31
1000276,1,2020-07-24,7949768.06,IMPS,BENEF41518806,HDFC0007373,DIS702105788,2024-12-31
1000277,1,2024-03-14,7125137.58,NEFT,BENEF67646579,HDFC0002305,DIS453019287,2024-12-31
1000277,2,2024-04-03,12085538.19,NEFT,BENEF74406325,HDFC0001338,DIS206794297,2024-12-31
1000278,1,2019-05-05,13635772.1,IMPS,BENEF32685833,HDFC0005789,DIS821351429,2024-12-31
1000279,1,2021-06-26,3539429.24,Account Credit,BENEF37392942,HDFC0003685,DIS488082110,2024-12-31
1000280,1,2023-03-16,39246910.14,NEFT,BENEF82788896,HDFC0009989,DIS786145301,2024-12-31
1000281,1,2024-01-28,418256.35,Cheque,BENEF10446705,HDFC0004924,DIS170847922,2024-12-31
1000282,1,2022-09-16,3266187.85,NEFT,BENEF34021010,HDFC0002857,DIS921305438,2024-12-31
1000282,2,2022-09-30,2020868.22,NEFT,BENEF77171016,HDFC0009758,DIS599609090,2024-12-31
1000283,1,2018-12-14,20711534.49,IMPS,BENEF47352869,HDFC0002364,DIS482530255,2024-12-31
1000284,1,2020-08-27,12547924.56,Cheque,BENEF83189524,HDFC0005100,DIS878801316,2024-12-31
1000284,2,2020-08-27,15886329.78,Account Credit,BENEF93260889,HDFC0002415,DIS168110643,2024-12-31
1000285,1,2019-09-29,3826903.05,NEFT,BENEF81780879,HDFC0004181,DIS613989854,2024-12-31
1000286,1,2019-01-06,13656667.31,NEFT,BENEF62248036,HDFC0008084,DIS211206782,2024-12-31
1000286,2,2019-01-30,5602449.46,Cheque,BENEF38502474,HDFC0003744,DIS304165230,2024-12-31
1000286,3,2019-02-13,3391545.37,IMPS,BENEF88699165,HDFC0002096,DIS899563204,2024-12-31
1000287,1,2022-06-12,4651523.9,Account Credit,BENEF76353912,HDFC0008501,DIS515834008,2024-12-31
1000288,1,2024-03-03,47609620.68,NEFT,BENEF15632397,HDFC0001596,DIS586307785,2024-12-31
1000289,1,2018-12-11,6622690.35,RTGS,BENEF99198449,HDFC0007103,DIS796554388,2024-12-31
1000290,1,2019-05-17,40484003.4,Cheque,BENEF52301424,HDFC0008593,DIS191509932,2024-12-31
1000291,1,2019-12-09,24856706.92,RTGS,BENEF85351481,HDFC0002908,DIS736605966,2024-12-31
1000292,1,2023-08-06,30743918.23,RTGS,BENEF84035112,HDFC0006582,DIS228583854,2024-12-31
1000293,1,2020-10-17,21019817.58,IMPS,BENEF95641687,HDFC0006194,DIS364180837,2024-12-31
1000294,1,2021-08-10,27271438.52,RTGS,BENEF15226275,HDFC0002746,DIS158962391,2024-12-31
1000295,1,2022-01-04,1711202.28,IMPS,BENEF60946520,HDFC0003507,DIS401365060,2024-12-31
1000295,2,2022-01-17,572219.18,Account Credit,BENEF81264557,HDFC0006960,DIS180650532,2024-12-31
1000295,3,2022-02-03,740280.93,NEFT,BENEF50241177,HDFC0007666,DIS124408555,2024-12-31
1000296,1,2020-06-17,26731109.27,NEFT,BENEF22492482,HDFC0003251,DIS663665435,2024-12-31
1000297,1,2024-05-14,45707602.21,NEFT,BENEF25216825,HDFC0002559,DIS383682425,2024-12-31
1000298,1,2018-03-23,852252.39,NEFT,BENEF38495828,HDFC0002291,DIS348592047,2024-12-31
1000298,2,2018-03-24,1142138.3,NEFT,BENEF83847719,HDFC0009868,DIS185537642,2024-12-31
1000299,1,2018-09-01,18639836.4,Cheque,BENEF83291553,HDFC0005869,DIS693099275,2024-12-31
1000299,2,2018-09-22,17235351.47,NEFT,BENEF64176956,HDFC0001667,DIS434891694,2024-12-31
1000300,1,2019-02-18,8772623.35,NEFT,BENEF16986498,HDFC0003242,DIS173817121,2024-12-31
1000300,2,2019-03-20,3366978.34,RTGS,BENEF24338304,HDFC0008814,DIS145660707,2024-12-31
1000300,3,2019-03-20,6602578.24,Cheque,BENEF64490879,HDFC0009879,DIS214773266,2024-12-31
1000301,1,2022-01-01,32494095.26,Account Credit,BENEF43229057,HDFC0002343,DIS458697233,2024-12-31
1000302,1,2024-05-13,8967643.6,Account Credit,BENEF23941705,HDFC0001275,DIS604997610,2024-12-31
1000303,1,2021-11-21,7118104.07,NEFT,BENEF78408689,HDFC0004909,DIS537990559,2024-12-31
1000304,1,2021-12-06,668641.45,Cheque,BENEF87402122,HDFC0004072,DIS628981921,2024-12-31
1000305,1,2021-12-09,44239144.68,RTGS,BENEF92310089,HDFC0007364,DIS306665009,2024-12-31
1000306,1,2021-04-22,9434090.6,RTGS,BENEF89291824,HDFC0007742,DIS720978931,2024-12-31
1000306,2,2021-05-01,13185151.62,NEFT,BENEF92729773,HDFC0003042,DIS859032780,2024-12-31
1000307,1,2021-10-16,36626055.76,IMPS,BENEF10194969,HDFC0002877,DIS535450587,2024-12-31
1000308,1,2021-09-18,44498688.19,NEFT,BENEF27205509,HDFC0004020,DIS974504977,2024-12-31
1000309,1,2024-05-30,14940292.32,Account Credit,BENEF43390704,HDFC0003170,DIS863503662,2024-12-31
1000310,1,2020-03-28,14798017.5,IMPS,BENEF19690419,HDFC0007467,DIS242766935,2024-12-31
1000311,1,2023-04-13,17329822.33,RTGS,BENEF97490228,HDFC0004443,DIS870126834,2024-12-31
1000311,2,2023-05-05,8564447.89,NEFT,BENEF24355076,HDFC0006592,DIS321548851,2024-12-31
1000311,3,2023-05-11,16309806.59,NEFT,BENEF96968167,HDFC0003019,DIS495949630,2024-12-31
1000312,1,2022-12-31,18613924.19,RTGS,BENEF79641006,HDFC0005506,DIS576109760,2024-12-31
1000313,1,2018-12-18,3175804.55,IMPS,BENEF37753738,HDFC0007376,DIS479222193,2024-12-31
1000314,1,2023-04-29,40938420.22,Cheque,BENEF98892878,HDFC0004977,DIS626040433,2024-12-31
1000315,1,2019-05-08,28603874.77,RTGS,BENEF43837801,HDFC0001050,DIS565245234,2024-12-31
1000316,1,2020-04-07,2229527.44,IMPS,BENEF17998345,HDFC0008516,DIS662943505,2024-12-31
1000317,1,2021-02-05,19466147.74,NEFT,BENEF48548665,HDFC0003305,DIS404348013,2024-12-31
1000318,1,2019-03-09,28373036.96,IMPS,BENEF73516387,HDFC0009676,DIS170110003,2024-12-31
1000319,1,2018-06-03,19213869.3,NEFT,BENEF40107148,HDFC0008362,DIS315740509,2024-12-31
1000320,1,2018-07-21,19850057.94,Cheque,BENEF62424760,HDFC0005417,DIS272290781,2024-12-31
1000321,1,2020-07-22,14089297.99,Account Credit,BENEF12301266,HDFC0004840,DIS792800081,2024-12-31
1000322,1,2022-07-26,32313185.09,Account Credit,BENEF84054169,HDFC0009350,DIS789222523,2024-12-31
1000323,1,2023-11-18,5373917.06,RTGS,BENEF44200177,HDFC0002619,DIS391856024,2024-12-31
1000323,2,2023-12-04,6609935.47,IMPS,BENEF64185675,HDFC0001332,DIS167611134,2024-12-31
1000323,3,2023-12-24,3641189.83,Account Credit,BENEF24377289,HDFC0004952,DIS403668506,2024-12-31
1000324,1,2020-03-26,12549564.04,IMPS,BENEF99717427,HDFC0009682,DIS296438104,2024-12-31
1000325,1,2019-12-29,12172710.92,NEFT,BENEF12626646,HDFC0006363,DIS925163204,2024-12-31
1000326,1,2024-06-01,14324961.88,RTGS,BENEF55808008,HDFC0001023,DIS616490490,2024-12-31
1000327,1,2023-04-26,32614207.91,IMPS,BENEF67022224,HDFC0005115,DIS847353229,2024-12-31
1000328,1,2022-10-02,16278222.04,RTGS,BENEF90741671,HDFC0006847,DIS203175779,2024-12-31
1000328,2,2022-10-14,14178137.72,RTGS,BENEF36342744,HDFC0005012,DIS448660139,2024-12-31
1000329,1,2018-01-31,41233109.99,RTGS,BENEF42368904,HDFC0009724,DIS458016856,2024-12-31
1000330,1,2021-02-06,34252215.48,Account Credit,BENEF12205381,HDFC0002249,DIS210802010,2024-12-31
1000331,1,2022-07-14,7581471.89,NEFT,BENEF15889037,HDFC0004358,DIS601526417,2024-12-31
1000332,1,2024-06-01,45354886.97,NEFT,BENEF83627558,HDFC0008229,DIS871409377,2024-12-31
1000333,1,2020-01-12,25415011.29,NEFT,BENEF59778266,HDFC0002586,DIS139315985,2024-12-31
1000334,1,2021-06-11,32756288.75,RTGS,BENEF26143367,HDFC0005594,DIS790436639,2024-12-31
1000335,1,2023-04-19,23579774.73,Cheque,BENEF22547070,HDFC0006583,DIS354164898,2024-12-31
1000336,1,2020-03-31,2797692.34,Cheque,BENEF90305616,HDFC0009796,DIS901459940,2024-12-31
1000337,1,2021-07-07,24430284.2,NEFT,BENEF73889311,HDFC0005539,DIS680975011,2024-12-31
1000338,1,2019-06-15,38247738.43,IMPS,BENEF10853168,HDFC0009020,DIS977317305,2024-12-31
1000339,1,2018-02-27,205884.01,NEFT,BENEF21906479,HDFC0009252,DIS725861788,2024-12-31
1000339,2,2018-03-17,49791.43,NEFT,BENEF67325158,HDFC0006717,DIS483218107,2024-12-31
1000339,3,2018-04-16,77314.53,RTGS,BENEF32051215,HDFC0001440,DIS893388588,2024-12-31
1000340,1,2019-06-13,11390658.99,RTGS,BENEF99563301,HDFC0005509,DIS306743219,2024-12-31
1000341,1,2023-11-17,47428322.42,NEFT,BENEF16067200,HDFC0003939,DIS310298839,2024-12-31
1000342,1,2018-03-20,14226332.68,RTGS,BENEF98806672,HDFC0008364,DIS342263190,2024-12-31
1000342,2,2018-04-08,23304434.87,NEFT,BENEF25821079,HDFC0004345,DIS493679292,2024-12-31
1000343,1,2022-03-17,18392913.42,IMPS,BENEF67958238,HDFC0003521,DIS838645398,2024-12-31
1000344,1,2022-09-04,32713024.16,NEFT,BENEF60745863,HDFC0001124,DIS284012669,2024-12-31
1000345,1,2022-09-20,34790082.26,NEFT,BENEF66419315,HDFC0002778,DIS191082624,2024-12-31
1000346,1,2021-03-03,15984704.48,RTGS,BENEF68333502,HDFC0004756,DIS851283773,2024-12-31
1000346,2,2021-03-29,25564866.27,NEFT,BENEF79828365,HDFC0009697,DIS735314694,2024-12-31
1000347,1,2021-04-24,32448287.26,Cheque,BENEF31125488,HDFC0009730,DIS809224320,2024-12-31
1000347,2,2021-05-12,16210386.88,NEFT,BENEF70271621,HDFC0007961,DIS284828560,2024-12-31
1000348,1,2019-03-29,11801812.77,RTGS,BENEF52376590,HDFC0005263,DIS750989602,2024-12-31
1000349,1,2021-04-27,45248491.26,IMPS,BENEF12688078,HDFC0004215,DIS535741785,2024-12-31
1000350,1,2019-01-25,40099645.52,RTGS,BENEF22217134,HDFC0002889,DIS955344669,2024-12-31
1000351,1,2019-01-16,17940617.47,NEFT,BENEF81610914,HDFC0002854,DIS701365049,2024-12-31
1000352,1,2022-09-24,41801846.43,IMPS,BENEF28148672,HDFC0001865,DIS656149338,2024-12-31
1000353,1,2024-05-19,5275283.98,NEFT,BENEF26968753,HDFC0004940,DIS154501175,2024-12-31
1000354,1,2022-12-11,46027859.48,RTGS,BENEF19955322,HDFC0004956,DIS678749939,2024-12-31
1000355,1,2022-11-08,26003073.98,RTGS,BENEF22554260,HDFC0005254,DIS380397148,2024-12-31
1000356,1,2018-02-17,41967747.76,Cheque,BENEF15908071,HDFC0008007,DIS626679329,2024-12-31
1000357,1,2021-02-13,14366325.51,IMPS,BENEF95395947,HDFC0002464,DIS656150018,2024-12-31
1000357,2,2021-02-17,23230031.54,IMPS,BENEF19587874,HDFC0007916,DIS874081780,2024-12-31
1000358,1,2018-12-27,23008820.28,IMPS,BENEF53196957,HDFC0008551,DIS276775091,2024-12-31
1000359,1,2018-01-01,20231638.98,NEFT,BENEF14443428,HDFC0001188,DIS937569689,2024-12-31
1000360,1,2023-02-05,18230789.63,IMPS,BENEF14073160,HDFC0002370,DIS446278097,2024-12-31
1000361,1,2021-10-30,4962107.41,Cheque,BENEF88630186,HDFC0002328,DIS188726082,2024-12-31
1000362,1,2019-03-15,44854168.22,Account Credit,BENEF23188314,HDFC0008192,DIS941437433,2024-12-31
1000363,1,2019-03-18,12805224.27,IMPS,BENEF91184381,HDFC0001423,DIS872262401,2024-12-31
1000363,2,2019-03-22,10101371.54,Account Credit,BENEF51989214,HDFC0007210,DIS821746234,2024-12-31
1000364,1,2022-11-08,316447.62,RTGS,BENEF48904591,HDFC0005786,DIS380036237,2024-12-31
1000365,1,2023-08-27,5267342.66,Cheque,BENEF90577383,HDFC0009847,DIS611936846,2024-12-31
1000366,1,2023-09-30,22697000.73,Account Credit,BENEF20281598,HDFC0003467,DIS288683245,2024-12-31
1000367,1,2019-06-28,4390577.79,IMPS,BENEF52159618,HDFC0007216,DIS603450047,2024-12-31
1000367,2,2019-06-29,6174085.75,RTGS,BENEF72721659,HDFC0001430,DIS147401848,2024-12-31
1000368,1,2023-12-27,38062673.74,IMPS,BENEF42965597,HDFC0007191,DIS470819062,2024-12-31
1000369,1,2019-10-22,2747943.48,RTGS,BENEF79241678,HDFC0005506,DIS669120990,2024-12-31
1000370,1,2019-02-24,37704338.01,RTGS,BENEF41648778,HDFC0007766,DIS260280721,2024-12-31
1000371,1,2018-07-12,12917117.75,RTGS,BENEF16576388,HDFC0006999,DIS432995650,2024-12-31
1000371,2,2018-08-07,12677905.2,NEFT,BENEF87420166,HDFC0007149,DIS883401703,2024-12-31
1000372,1,2020-07-12,37209131.32,NEFT,BENEF73051358,HDFC0001868,DIS536725061,2024-12-31
1000373,1,2020-02-05,14779468.32,IMPS,BENEF92437710,HDFC0008537,DIS763670265,2024-12-31
1000374,1,2018-01-24,27874271.17,IMPS,BENEF95395354,HDFC0009615,DIS298391447,2024-12-31
1000375,1,2023-07-03,2637686.52,NEFT,BENEF16306434,HDFC0003005,DIS520559510,2024-12-31
1000376,1,2023-09-01,11076104.57,NEFT,BENEF84597332,HDFC0009671,DIS892965011,2024-12-31
1000377,1,2020-06-13,33200390.37,IMPS,BENEF96406343,HDFC0003907,DIS687849670,2024-12-31
1000378,1,2018-06-13,16719219.98,NEFT,BENEF36018939,HDFC0007194,DIS871141402,2024-12-31
1000378,2,2018-06-29,10149359.54,IMPS,BENEF63647995,HDFC0005387,DIS360089469,2024-12-31
1000378,3,2018-06-21,6611450.03,IMPS,BENEF28991936,HDFC0007554,DIS764726382,2024-12-31
1000379,1,2023-10-08,45575662.74,NEFT,BENEF86694751,HDFC0006038,DIS537701423,2024-12-31
1000380,1,2024-01-13,25743345.54,NEFT,BENEF66344563,HDFC0003138,DIS495412423,2024-12-31
1000381,1,2018-10-23,26668862.7,NEFT,BENEF51551799,HDFC0005126,DIS188227515,2024-12-31
1000381,2,2018-11-06,15130824.68,Cheque,BENEF62369622,HDFC0005777,DIS778210041,2024-12-31
1000382,1,2024-04-04,3755076.66,Account Credit,BENEF60152461,HDFC0005761,DIS145439893,2024-12-31
1000383,1,2023-12-31,15888571.87,NEFT,BENEF59532732,HDFC0006569,DIS683545617,2024-12-31
1000384,1,2018-12-21,46409582.73,NEFT,BENEF13122454,HDFC0002386,DIS604478321,2024-12-31
1000385,1,2024-02-14,7900541.36,IMPS,BENEF49003774,HDFC0009404,DIS718163271,2024-12-31
1000386,1,2018-06-21,14197014.5,Account Credit,BENEF40315274,HDFC0002785,DIS495536203,2024-12-31
1000386,2,2018-07-13,5363249.7,RTGS,BENEF33951774,HDFC0005512,DIS456000421,2024-12-31
1000386,3,2018-08-06,8160592.77,Account Credit,BENEF72502873,HDFC0002008,DIS823356014,2024-12-31
1000387,1,2020-05-17,10581639.25,NEFT,BENEF95776038,HDFC0001942,DIS412862865,2024-12-31
1000388,1,2024-05-12,41753943.51,NEFT,BENEF57655811,HDFC0004183,DIS989622564,2024-12-31
1000389,1,2023-06-19,33617093.93,NEFT,BENEF26398778,HDFC0007467,DIS882168321,2024-12-31
1000390,1,2023-06-14,31013837.28,Cheque,BENEF22087330,HDFC0002549,DIS863758499,2024-12-31
1000391,1,2020-10-05,47937080.2,RTGS,BENEF26613309,HDFC0009919,DIS151894299,2024-12-31
1000392,1,2021-06-05,43906502.89,NEFT,BENEF22270008,HDFC0004243,DIS628904885,2024-12-31
1000393,1,2018-11-05,44575722.24,IMPS,BENEF40295304,HDFC0001642,DIS536633815,2024-12-31
1000394,1,2023-04-18,16280366.22,NEFT,BENEF92124494,HDFC0009272,DIS633291486,2024-12-31
1000394,2,2023-05-12,11344174.31,Account Credit,BENEF62256420,HDFC0002561,DIS595760693,2024-12-31
1000395,1,2022-01-30,14982744.65,RTGS,BENEF80393718,HDFC0001137,DIS111458911,2024-12-31
1000395,2,2022-02-05,5520099.04,Cheque,BENEF13945762,HDFC0002748,DIS459261644,2024-12-31
1000395,3,2022-03-19,2785743.3,RTGS,BENEF83784912,HDFC0003095,DIS999362664,2024-12-31
1000396,1,2023-06-04,8045198.65,NEFT,BENEF60639157,HDFC0006469,DIS607099287,2024-12-31
1000397,1,2022-01-19,11777531.58,NEFT,BENEF48070748,HDFC0002961,DIS878224060,2024-12-31
1000398,1,2020-12-14,23477702.8,IMPS,BENEF38682565,HDFC0007418,DIS495034822,2024-12-31
1000398,2,2020-12-25,6384664.0,NEFT,BENEF17777252,HDFC0002249,DIS434178367,2024-12-31
1000398,3,2021-01-21,5354072.22,NEFT,BENEF26532086,HDFC0009617,DIS786430773,2024-12-31
1000399,1,2020-10-27,13562436.59,NEFT,BENEF41051205,HDFC0007504,DIS668963471,2024-12-31
1000399,2,2020-11-11,19139057.08,NEFT,BENEF13540146,HDFC0003282,DIS912308435,2024-12-31
1000400,1,2023-08-18,14984399.0,IMPS,BENEF38935409,HDFC0009287,DIS258787439,2024-12-31
1000400,2,2023-09-01,8126052.4,NEFT,BENEF55324613,HDFC0007852,DIS182403918,2024-12-31
1000400,3,2023-08-22,16543155.53,NEFT,BENEF14896647,HDFC0005816,DIS239642759,2024-12-31
1000401,1,2020-08-01,7596996.35,Account Credit,BENEF15751690,HDFC0007010,DIS776970557,2024-12-31
1000402,1,2018-04-02,29580465.85,NEFT,BENEF76085524,HDFC0007479,DIS560280392,2024-12-31
1000403,1,2023-10-18,7428568.49,IMPS,BENEF79704534,HDFC0002572,DIS225104500,2024-12-31
1000404,1,2019-11-30,10595819.57,NEFT,BENEF15658420,HDFC0004161,DIS159471828,2024-12-31
1000404,2,2019-12-16,11919428.17,Cheque,BENEF58495831,HDFC0007399,DIS527167042,2024-12-31
1000405,1,2023-02-01,11072136.79,IMPS,BENEF61846177,HDFC0003523,DIS835414465,2024-12-31
1000405,2,2023-02-15,21944335.84,NEFT,BENEF38568706,HDFC0002637,DIS288450446,2024-12-31
1000406,1,2022-09-16,4095302.35,RTGS,BENEF67685899,HDFC0009340,DIS690870883,2024-12-31
1000406,2,2022-09-21,6101890.25,RTGS,BENEF24599356,HDFC0008952,DIS772568561,2024-12-31
1000407,1,2019-06-18,11846270.0,IMPS,BENEF29138883,HDFC0004454,DIS663169142,2024-12-31
1000407,2,2019-07-14,13369857.49,NEFT,BENEF15414590,HDFC0002897,DIS359953022,2024-12-31
1000408,1,2020-07-28,43753732.61,NEFT,BENEF80841442,HDFC0008330,DIS937779825,2024-12-31
1000409,1,2018-12-10,6780766.97,NEFT,BENEF99537557,HDFC0009660,DIS246560683,2024-12-31
1000410,1,2020-04-21,26174777.43,NEFT,BENEF60238044,HDFC0003033,DIS157338177,2024-12-31
1000411,1,2024-05-01,12756273.04,RTGS,BENEF12423190,HDFC0001778,DIS644816038,2024-12-31
1000412,1,2021-06-10,18573627.15,RTGS,BENEF18702667,HDFC0005740,DIS406837202,2024-12-31
1000413,1,2019-02-15,22385084.38,NEFT,BENEF70815117,HDFC0005181,DIS725883149,2024-12-31
1000414,1,2019-08-19,8999773.99,IMPS,BENEF93721739,HDFC0007893,DIS923161078,2024-12-31
1000414,2,2019-09-07,10516499.67,RTGS,BENEF60448148,HDFC0005856,DIS991508710,2024-12-31
1000415,1,2022-06-30,4093982.86,IMPS,BENEF71230430,HDFC0002468,DIS660721312,2024-12-31
1000416,1,2021-03-17,22004705.22,IMPS,BENEF87749589,HDFC0007293,DIS783734099,2024-12-31
1000417,1,2018-12-22,7207419.49,RTGS,BENEF49514706,HDFC0001348,DIS929250274,2024-12-31
1000417,2,2018-12-31,5423704.67,RTGS,BENEF36098769,HDFC0003869,DIS304414385,2024-12-31
1000417,3,2018-12-28,5419901.75,NEFT,BENEF39934299,HDFC0005823,DIS938085684,2024-12-31
1000418,1,2019-01-05,10095488.12,RTGS,BENEF85141628,HDFC0001897,DIS537892427,2024-12-31
1000419,1,2024-06-12,30357534.06,Account Credit,BENEF73481972,HDFC0003539,DIS527342574,2024-12-31
1000420,1,2020-11-21,14783166.04,IMPS,BENEF14096369,HDFC0008241,DIS286739407,2024-12-31
1000421,1,2023-03-03,16061163.82,Account Credit,BENEF40616453,HDFC0009519,DIS751472531,2024-12-31
1000421,2,2023-03-10,21836753.1,NEFT,BENEF98925059,HDFC0006927,DIS798135755,2024-12-31
1000422,1,2022-08-17,33877957.51,RTGS,BENEF98215833,HDFC0001286,DIS997617294,2024-12-31
1000423,1,2018-11-08,5974676.53,Cheque,BENEF64689989,HDFC0002930,DIS252961256,2024-12-31
1000423,2,2018-12-06,8461073.66,IMPS,BENEF91873755,HDFC0008113,DIS466510747,2024-12-31
1000424,1,2023-08-06,47361193.64,Cheque,BENEF29762536,HDFC0007655,DIS734057571,2024-12-31
1000425,1,2019-05-07,21661187.31,RTGS,BENEF45707089,HDFC0002531,DIS941385000,2024-12-31
1000425,2,2019-05-24,20171914.72,RTGS,BENEF60774044,HDFC0006647,DIS536932332,2024-12-31
1000426,1,2023-07-04,18622707.12,Cheque,BENEF12004286,HDFC0008895,DIS968380260,2024-12-31
1000427,1,2018-05-14,26334198.65,Cheque,BENEF29557879,HDFC0004117,DIS966759262,2024-12-31
1000428,1,2022-04-04,34491606.4,NEFT,BENEF26131083,HDFC0005127,DIS306202347,2024-12-31
1000429,1,2022-02-07,6072408.34,NEFT,BENEF51707179,HDFC0009339,DIS391951963,2024-12-31
1000429,2,2022-02-27,7143758.49,Cheque,BENEF13953262,HDFC0003690,DIS613696693,2024-12-31
1000430,1,2024-05-29,12835980.91,Cheque,BENEF68283799,HDFC0007400,DIS517992968,2024-12-31
1000430,2,2024-05-31,29894890.84,Account Credit,BENEF25674475,HDFC0007343,DIS641057786,2024-12-31
1000431,1,2019-09-05,21667715.71,IMPS,BENEF92126467,HDFC0006486,DIS984291393,2024-12-31
1000432,1,2022-06-20,9672717.86,Account Credit,BENEF60357342,HDFC0009647,DIS160114780,2024-12-31
1000432,2,2022-06-28,2941514.61,NEFT,BENEF94538649,HDFC0002198,DIS892131934,2024-12-31
1000432,3,2022-07-10,2457473.22,NEFT,BENEF64732787,HDFC0003903,DIS775960462,2024-12-31
1000433,1,2022-01-15,22547755.47,RTGS,BENEF69500546,HDFC0007736,DIS773212157,2024-12-31
1000434,1,2019-12-16,10028009.72,RTGS,BENEF95564188,HDFC0005584,DIS390040763,2024-12-31
1000435,1,2023-03-15,44492659.21,RTGS,BENEF90374368,HDFC0005612,DIS519551700,2024-12-31
1000436,1,2018-11-21,31600543.08,Account Credit,BENEF28754310,HDFC0007606,DIS919228886,2024-12-31
1000437,1,2022-01-27,18346067.21,NEFT,BENEF12612210,HDFC0002508,DIS900864316,2024-12-31
1000437,2,2022-02-23,13921683.02,RTGS,BENEF93938382,HDFC0008768,DIS512824934,2024-12-31
1000438,1,2020-05-12,25228640.88,IMPS,BENEF90771986,HDFC0002094,DIS925828938,2024-12-31
1000438,2,2020-05-12,6836454.27,RTGS,BENEF80327598,HDFC0009741,DIS382178361,2024-12-31
1000438,3,2020-05-16,4350748.43,Account Credit,BENEF36634065,HDFC0004320,DIS587335376,2024-12-31
1000439,1,2018-12-07,2785889.37,NEFT,BENEF52171230,HDFC0006863,DIS867638331,2024-12-31
1000440,1,2019-06-02,4399140.05,Account Credit,BENEF24591250,HDFC0008654,DIS684851504,2024-12-31
1000440,2,2019-06-16,4793827.18,NEFT,BENEF32048331,HDFC0002665,DIS184390294,2024-12-31
1000440,3,2019-07-10,2351894.95,NEFT,BENEF60979859,HDFC0002845,DIS335011022,2024-12-31
1000441,1,2024-02-25,9252546.58,Account Credit,BENEF52648480,HDFC0003168,DIS602218807,2024-12-31
1000441,2,2024-03-11,14160407.91,RTGS,BENEF56300448,HDFC0007160,DIS230206457,2024-12-31
1000442,1,2021-06-22,21805370.83,NEFT,BENEF99640817,HDFC0009932,DIS418609432,2024-12-31
1000443,1,2018-02-13,18352587.77,NEFT,BENEF32641668,HDFC0006292,DIS151309430,2024-12-31
1000444,1,2022-10-30,47353179.84,NEFT,BENEF15771530,HDFC0002548,DIS562954251,2024-12-31
1000445,1,2019-10-31,44119887.22,NEFT,BENEF37499912,HDFC0005098,DIS993353653,2024-12-31
1000446,1,2021-03-12,31303618.41,RTGS,BENEF29028482,HDFC0008589,DIS895552988,2024-12-31
1000447,1,2023-01-29,3921625.92,Account Credit,BENEF20090296,HDFC0001229,DIS995455432,2024-12-31
1000447,2,2023-02-03,2995913.32,IMPS,BENEF75978123,HDFC0009785,DIS988331077,2024-12-31
1000448,1,2021-03-01,48488839.26,NEFT,BENEF79715974,HDFC0007879,DIS284275160,2024-12-31
1000449,1,2023-08-04,24729619.7,IMPS,BENEF75941954,HDFC0008175,DIS351110105,2024-12-31
1000450,1,2023-04-10,8663936.24,Cheque,BENEF82391660,HDFC0004981,DIS223464702,2024-12-31
1000450,2,2023-05-07,4734592.31,RTGS,BENEF82948912,HDFC0006217,DIS538543191,2024-12-31
1000451,1,2020-03-26,38584144.12,RTGS,BENEF70350097,HDFC0001375,DIS629167976,2024-12-31
1000452,1,2019-10-12,10450399.2,IMPS,BENEF64060403,HDFC0002949,DIS587021077,2024-12-31
1000452,2,2019-10-27,9066836.53,IMPS,BENEF64044021,HDFC0009134,DIS353349292,2024-12-31
1000453,1,2019-04-08,5081383.35,NEFT,BENEF12075251,HDFC0006981,DIS920914314,2024-12-31
1000453,2,2019-04-25,1484922.09,NEFT,BENEF98437475,HDFC0003800,DIS293755612,2024-12-31
1000453,3,2019-04-22,3450003.79,IMPS,BENEF54008731,HDFC0003608,DIS192544868,2024-12-31
1000454,1,2018-06-22,3469292.13,RTGS,BENEF54969786,HDFC0009832,DIS580265736,2024-12-31
1000454,2,2018-07-13,1755366.09,NEFT,BENEF86427842,HDFC0003463,DIS886504775,2024-12-31
1000454,3,2018-06-26,845856.42,RTGS,BENEF33382705,HDFC0002191,DIS712696696,2024-12-31
1000455,1,2018-09-03,7969152.96,RTGS,BENEF71300688,HDFC0001646,DIS698639425,2024-12-31
1000456,1,2022-12-02,11710464.08,IMPS,BENEF41570584,HDFC0008044,DIS769410380,2024-12-31
1000457,1,2024-02-02,24316576.44,IMPS,BENEF12169801,HDFC0003594,DIS236230005,2024-12-31
1000458,1,2019-10-19,13674844.26,IMPS,BENEF91224076,HDFC0004765,DIS811153787,2024-12-31
1000458,2,2019-11-14,29721481.55,RTGS,BENEF90292116,HDFC0005108,DIS644774970,2024-12-31
1000459,1,2020-01-30,76026.31,Cheque,BENEF55328139,HDFC0009391,DIS694359978,2024-12-31
1000459,2,2020-02-19,33049.42,NEFT,BENEF56543939,HDFC0008403,DIS772233081,2024-12-31
1000459,3,2020-03-04,26843.72,RTGS,BENEF14804924,HDFC0008231,DIS198425304,2024-12-31
1000460,1,2024-03-08,40970581.72,NEFT,BENEF83010270,HDFC0007580,DIS580584473,2024-12-31
1000461,1,2020-01-02,26207706.91,RTGS,BENEF98144370,HDFC0004059,DIS128151241,2024-12-31
1000462,1,2023-11-24,15445017.13,IMPS,BENEF92412935,HDFC0002040,DIS872459236,2024-12-31
1000462,2,2023-12-08,9191921.56,RTGS,BENEF81430313,HDFC0009068,DIS512826244,2024-12-31
1000462,3,2023-12-28,7486469.55,NEFT,BENEF93703711,HDFC0008151,DIS643104518,2024-12-31
1000463,1,2018-11-24,46517530.74,NEFT,BENEF27379520,HDFC0006244,DIS654176259,2024-12-31
1000464,1,2023-12-07,39733053.9,Account Credit,BENEF15124422,HDFC0009718,DIS441722477,2024-12-31
1000465,1,2020-03-02,36286079.45,RTGS,BENEF34996331,HDFC0004890,DIS495868120,2024-12-31
1000466,1,2022-10-16,38337542.66,Cheque,BENEF99062872,HDFC0006904,DIS911284047,2024-12-31
1000467,1,2021-07-14,12097264.68,NEFT,BENEF71288572,HDFC0001627,DIS132893156,2024-12-31
1000467,2,2021-07-19,8335640.77,NEFT,BENEF82715151,HDFC0003882,DIS935778172,2024-12-31
1000467,3,2021-08-29,6308728.35,NEFT,BENEF60268472,HDFC0005396,DIS369730105,2024-12-31
1000468,1,2022-03-17,30459827.18,RTGS,BENEF89670961,HDFC0007456,DIS310568556,2024-12-31
1000469,1,2018-03-08,109761.83,Cheque,BENEF49482007,HDFC0004042,DIS785370712,2024-12-31
1000470,1,2024-03-17,1182898.44,NEFT,BENEF81498200,HDFC0005411,DIS947756854,2024-12-31
1000471,1,2020-08-12,7006568.85,NEFT,BENEF36114449,HDFC0009948,DIS714818630,2024-12-31
1000472,1,2023-06-23,15788802.16,NEFT,BENEF54007398,HDFC0004057,DIS672347608,2024-12-31
1000472,2,2023-07-16,12344627.22,Account Credit,BENEF74867809,HDFC0003914,DIS468669978,2024-12-31
1000472,3,2023-07-17,8073238.9,NEFT,BENEF87234743,HDFC0003815,DIS533417397,2024-12-31
1000473,1,2021-11-26,7438638.67,NEFT,BENEF81100622,HDFC0007062,DIS209758670,2024-12-31
1000473,2,2021-12-26,4556430.59,RTGS,BENEF85153004,HDFC0007409,DIS496459225,2024-12-31
1000473,3,2021-12-18,7144081.65,NEFT,BENEF96680604,HDFC0009022,DIS657202202,2024-12-31
1000474,1,2018-08-10,46439792.97,Account Credit,BENEF84985418,HDFC0006314,DIS116785175,2024-12-31
1000475,1,2022-12-31,34918655.76,RTGS,BENEF48561390,HDFC0005287,DIS340740126,2024-12-31
1000476,1,2024-05-29,7485818.79,IMPS,BENEF26103144,HDFC0009393,DIS985116069,2024-12-31
1000477,1,2023-06-22,38125442.69,Cheque,BENEF74587898,HDFC0008933,DIS276968647,2024-12-31
1000478,1,2024-06-17,3675034.62,Cheque,BENEF54777065,HDFC0004866,DIS388980197,2024-12-31
1000479,1,2019-11-25,5782445.93,NEFT,BENEF51282753,HDFC0002445,DIS449230222,2024-12-31
1000479,2,2019-12-04,11509347.05,RTGS,BENEF53858035,HDFC0006370,DIS317214952,2024-12-31
1000480,1,2019-04-06,10064292.16,NEFT,BENEF93131712,HDFC0004513,DIS977825620,2024-12-31
1000481,1,2024-01-13,22558072.37,Cheque,BENEF80400524,HDFC0002595,DIS355710363,2024-12-31
1000482,1,2018-06-28,9048281.86,NEFT,BENEF93318446,HDFC0005354,DIS260724648,2024-12-31
1000482,2,2018-07-20,9844390.97,Cheque,BENEF24643784,HDFC0005644,DIS926522833,2024-12-31
1000483,1,2022-05-11,7318476.41,NEFT,BENEF61396315,HDFC0009670,DIS231011214,2024-12-31
1000483,2,2022-06-02,15983068.43,RTGS,BENEF73469914,HDFC0001985,DIS749690863,2024-12-31
1000484,1,2021-07-16,17277094.21,NEFT,BENEF58450800,HDFC0003126,DIS352339994,2024-12-31
1000484,2,2021-08-12,31714569.06,RTGS,BENEF84867294,HDFC0006706,DIS531852098,2024-12-31
1000485,1,2023-12-09,46324863.65,Account Credit,BENEF84813845,HDFC0008014,DIS546765835,2024-12-31
1000486,1,2021-02-03,31299025.42,Cheque,BENEF88325053,HDFC0009297,DIS546153330,2024-12-31
1000487,1,2022-05-29,22777053.65,NEFT,BENEF32493530,HDFC0003264,DIS629045335,2024-12-31
1000487,2,2022-06-20,24683855.63,NEFT,BENEF55269670,HDFC0005581,DIS681269558,2024-12-31
1000488,1,2021-09-10,12094004.33,RTGS,BENEF58816297,HDFC0006199,DIS945687419,2024-12-31
1000489,1,2019-07-08,8464991.1,RTGS,BENEF50874896,HDFC0002944,DIS189096814,2024-12-31
1000489,2,2019-08-02,7054028.87,IMPS,BENEF54599850,HDFC0001416,DIS246163398,2024-12-31
1000490,1,2020-01-25,1053896.53,NEFT,BENEF51183538,HDFC0007103,DIS786298234,2024-12-31
1000490,2,2020-02-14,952154.79,Cheque,BENEF19764093,HDFC0004873,DIS240797507,2024-12-31
1000490,3,2020-03-05,1477869.34,Cheque,BENEF25533493,HDFC0006340,DIS440780867,2024-12-31
1000491,1,2019-09-15,15237070.44,NEFT,BENEF74495536,HDFC0001553,DIS660264424,2024-12-31
1000492,1,2020-08-03,28395450.34,RTGS,BENEF34447629,HDFC0002644,DIS404845486,2024-12-31
1000493,1,2019-07-18,9280426.24,RTGS,BENEF92800066,HDFC0007276,DIS514277130,2024-12-31
1000494,1,2020-04-17,47514882.32,RTGS,BENEF77053091,HDFC0004638,DIS554270461,2024-12-31
1000495,1,2021-07-05,20302851.74,IMPS,BENEF49281259,HDFC0007771,DIS260744181,2024-12-31
1000496,1,2020-10-03,1954733.47,RTGS,BENEF32509513,HDFC0007042,DIS409144517,2024-12-31
1000496,2,2020-10-09,3600149.54,Account Credit,BENEF19340643,HDFC0009615,DIS334546697,2024-12-31
1000497,1,2021-03-17,5400602.83,Cheque,BENEF24208449,HDFC0003190,DIS304465908,2024-12-31
1000497,2,2021-04-12,9229247.35,NEFT,BENEF36867851,HDFC0003346,DIS792722274,2024-12-31
1000498,1,2019-04-09,41511685.87,IMPS,BENEF17916764,HDFC0007179,DIS892739782,2024-12-31
1000499,1,2023-02-06,1343114.43,RTGS,BENEF65749749,HDFC0005299,DIS625637267,2024-12-31
