loan_id,customer_id,product_code,product_description,sanction_amount,interest_rate,tenure_months,emi_amount,loan_status,disbursement_date,maturity_date,branch_code,sourcing_channel,loan_officer_id,processing_fee,insurance_flag,load_date
1000000,2000000,LAP,Loan Against Property,1348036.69,12.04,48,35525.46,Closed - Matured,2019-07-26,2023-07-05,BR1044,Referral,LO21395,18680.27,True,2024-12-31
1000001,2000001,HL,Home Loan,4775392.47,11.34,12,422814.83,Active,2024-04-17,2025-04-12,BR1042,Referral,LO64987,39667.32,False,2024-12-31
1000002,2000002,HL,Home Loan,37964487.62,10.13,120,504440.48,Active,2021-10-25,2031-09-03,BR1014,DST,LO23396,242638.16,True,2024-12-31
1000003,2000003,GL,Gold Loan,42389968.88,17.46,12,3875426.42,Active,2023-02-25,2024-02-20,BR1025,Digital - Mobile App,LO82357,398367.12,False,2024-12-31
1000004,2000004,CL,Consumer Loan,9695200.65,8.65,48,239657.44,Settled,2021-03-31,2025-03-10,BR1015,Digital - Mobile App,LO59823,88901.15,False,2024-12-31
1000005,2000005,PL,Personal Loan,18572030.26,10.96,60,403430.56,Closed - Pre-Payment,2018-10-20,2023-09-24,BR1011,Referral,LO42087,138380.89,False,2024-12-31
1000006,2000006,TL,Term Loan,49477215.2,18.06,240,765872.95,Closed - Matured,2020-06-18,2040-03-05,BR1050,DSA,LO40021,857293.63,False,2024-12-31
1000007,2000007,VL,Vehicle Loan,13460269.71,10.98,84,230331.09,Closed - Matured,2020-05-20,2027-04-14,BR1026,Aggregator,LO28726,120781.73,True,2024-12-31
1000008,2000008,ML,Micro Loan,26994966.75,19.83,120,518653.95,Active,2022-06-24,2032-05-02,BR1009,Referral,LO74686,171786.28,True,2024-12-31
1000009,2000009,LAP,Loan Against Property,7726781.84,10.14,120,102709.96,Active,2018-09-18,2028-07-27,BR1039,Aggregator,LO79352,67773.24,True,2024-12-31
1000010,2000010,LAP,Loan Against Property,34117347.41,16.36,60,836207.67,Active,2021-10-25,2026-09-29,BR1028,Digital - Web,LO69470,172247.56,False,2024-12-31
1000011,2000011,ML,Micro Loan,38121913.73,15.88,24,1864382.41,NPA - Doubtful,2021-05-07,2023-04-27,BR1033,Branch Walk-in,LO30032,404424.24,True,2024-12-31
1000012,2000012,ML,Micro Loan,47679637.41,22.72,12,4479084.41,Active,2021-08-20,2022-08-15,BR1008,DST,LO50306,409653.18,True,2024-12-31
1000013,2000013,CL,Consumer Loan,47352777.32,8.91,180,477751.48,Settled,2018-10-11,2033-07-24,BR1035,Digital - Web,LO26828,705379.39,True,2024-12-31
1000014,2000014,TL,Term Loan,26430921.99,17.51,48,769657.17,Written-Off,2024-01-18,2027-12-28,BR1045,Branch Walk-in,LO50857,290340.63,False,2024-12-31
1000015,2000015,EL,Education Loan,44990742.82,14.95,48,1250986.03,Active,2020-07-09,2024-06-18,BR1002,Referral,LO40161,622069.08,True,2024-12-31
1000016,2000016,LAP,Loan Against Property,35421263.23,8.47,24,1609611.36,NPA - Doubtful,2018-05-09,2020-04-28,BR1005,Referral,LO41195,325066.56,False,2024-12-31
1000017,2000017,BL,Business Loan,27007773.18,19.44,180,463201.22,Written-Off,2020-09-22,2035-07-06,BR1027,Branch Walk-in,LO22363,174307.15,False,2024-12-31
1000018,2000018,GL,Gold Loan,21236573.29,15.21,12,1918882.29,Active,2019-02-08,2020-02-03,BR1047,DST,LO24322,185391.99,True,2024-12-31
1000019,2000019,ML,Micro Loan,22485816.04,14.46,60,528583.5,Active,2023-03-10,2028-02-12,BR1005,Aggregator,LO82132,145452.44,True,2024-12-31
1000020,2000020,LAP,Loan Against Property,46325712.45,21.5,36,1757239.6,Active,2022-07-23,2025-07-07,BR1014,Co-lending Partner,LO17685,346032.54,True,2024-12-31
1000021,2000021,VL,Vehicle Loan,13333632.6,20.44,180,238523.91,Active,2021-03-14,2035-12-26,BR1047,Referral,LO96752,210353.04,True,2024-12-31
1000022,2000022,BL,Business Loan,14905720.49,23.48,240,294469.04,Closed - Matured,2018-09-07,2038-05-25,BR1004,DSA,LO86569,181131.75,True,2024-12-31
1000023,2000023,HL,Home Loan,48042867.27,8.82,36,1523728.76,Closed - Pre-Payment,2018-10-08,2021-09-22,BR1044,Branch Walk-in,LO62923,326609.79,True,2024-12-31
1000024,2000024,CL,Consumer Loan,29766505.76,17.72,120,530994.27,Active,2024-05-04,2034-03-13,BR1017,Branch Walk-in,LO97782,468610.44,True,2024-12-31
1000025,2000025,TL,Term Loan,19849713.75,18.58,60,510336.13,Active,2023-02-16,2028-01-21,BR1049,Digital - Mobile App,LO11220,235701.12,True,2024-12-31
1000026,2000026,LAP,Loan Against Property,26927956.76,15.85,36,944714.12,NPA - Loss,2021-11-30,2024-11-14,BR1016,DST,LO47353,198356.78,False,2024-12-31
1000027,2000027,CL,Consumer Loan,49194280.18,20.82,240,867496.48,Closed - Matured,2018-02-02,2037-10-20,BR1036,Telesales,LO96951,322409.35,True,2024-12-31
1000028,2000028,TL,Term Loan,5859890.65,9.27,240,53744.78,Active,2019-09-29,2039-06-16,BR1039,Branch Walk-in,LO54942,47195.32,False,2024-12-31
1000029,2000029,ML,Micro Loan,24477739.42,22.44,12,2296165.42,Closed - Matured,2019-01-14,2020-01-09,BR1018,DSA,LO10464,244859.35,True,2024-12-31
1000030,2000030,TL,Term Loan,8162940.62,14.79,120,130648.98,Active,2024-04-16,2034-02-23,BR1005,Digital - Web,LO81511,45226.14,False,2024-12-31
1000031,2000031,CL,Consumer Loan,27671002.33,14.59,12,2492187.69,Active,2021-06-16,2022-06-11,BR1003,DST,LO37535,421457.05,True,2024-12-31
1000032,2000032,GL,Gold Loan,39027800.47,22.09,120,809085.34,Restructured,2019-09-26,2029-08-04,BR1016,Digital - Web,LO33206,711135.04,True,2024-12-31
1000033,2000033,PL,Personal Loan,36854567.14,12.98,120,549843.6,Active,2020-10-13,2030-08-22,BR1045,Digital - Mobile App,LO60140,666422.77,False,2024-12-31
1000034,2000034,BL,Business Loan,10058684.22,22.65,84,239687.47,NPA - Sub-Standard,2021-06-04,2028-04-28,BR1015,Branch Walk-in,LO13101,149879.4,False,2024-12-31
1000035,2000035,GL,Gold Loan,14002292.75,8.65,60,288291.83,Closed - Matured,2021-12-09,2026-11-13,BR1026,Referral,LO53404,267283.56,True,2024-12-31
1000036,2000036,TL,Term Loan,9010534.03,23.38,60,255982.28,Active,2018-06-06,2023-05-11,BR1028,DST,LO51114,104034.8,True,2024-12-31
1000037,2000037,VL,Vehicle Loan,44985286.17,10.64,12,3968324.13,Active,2022-11-22,2023-11-17,BR1035,Branch Walk-in,LO57739,515956.99,False,2024-12-31
1000038,2000038,CL,Consumer Loan,15764390.69,21.49,60,430836.47,Active,2023-09-09,2028-08-13,BR1027,DST,LO62743,243687.94,True,2024-12-31
1000039,2000039,BL,Business Loan,21080272.06,23.02,36,816231.22,Active,2024-05-20,2027-05-05,BR1036,DSA,LO49829,196124.65,False,2024-12-31
1000040,2000040,CL,Consumer Loan,30372412.37,12.82,180,380694.31,Closed - Matured,2022-12-17,2037-09-29,BR1033,Aggregator,LO32241,452025.36,False,2024-12-31
1000041,2000041,ML,Micro Loan,33226306.43,17.72,24,1654301.82,Closed - Matured,2020-08-20,2022-08-10,BR1015,Branch Walk-in,LO29313,178305.01,True,2024-12-31
1000042,2000042,EL,Education Loan,30602571.26,20.18,180,541545.94,NPA - Loss,2022-08-25,2037-06-07,BR1037,Branch Walk-in,LO60328,379951.04,True,2024-12-31
1000043,2000043,PL,Personal Loan,32837294.75,7.59,24,1479009.09,Active,2022-10-08,2024-09-27,BR1045,Referral,LO70889,188922.01,True,2024-12-31
1000044,2000044,LAP,Loan Against Property,22877445.09,20.72,240,401615.88,Closed - Pre-Payment,2024-04-08,2043-12-25,BR1049,Aggregator,LO90301,394066.22,False,2024-12-31
1000045,2000045,ML,Micro Loan,22351089.24,10.13,180,241966.66,Active,2023-01-18,2037-10-31,BR1016,Telesales,LO78327,274224.51,True,2024-12-31
1000046,2000046,TL,Term Loan,22049642.4,19.27,48,662432.57,Active,2021-01-17,2024-12-27,BR1035,Digital - Mobile App,LO28136,160134.64,False,2024-12-31
1000047,2000047,PL,Personal Loan,35350315.17,8.56,120,439428.51,Active,2021-09-17,2031-07-27,BR1027,DSA,LO37110,618396.06,False,2024-12-31
1000048,2000048,CL,Consumer Loan,47308495.48,7.82,120,569492.88,Active,2023-05-08,2033-03-16,BR1023,Telesales,LO61116,842172.56,False,2024-12-31
1000049,2000049,ML,Micro Loan,37401031.88,16.51,48,1069750.22,Active,2023-06-23,2027-06-02,BR1028,Aggregator,LO13804,405160.07,False,2024-12-31
1000050,2000050,PL,Personal Loan,42041232.59,22.67,240,803226.32,Restructured,2018-04-21,2038-01-06,BR1038,DSA,LO21003,615535.97,True,2024-12-31
1000051,2000051,EL,Education Loan,9168278.42,11.79,84,160817.34,Active,2020-05-16,2027-04-10,BR1022,Co-lending Partner,LO46471,149260.92,False,2024-12-31
1000052,2000052,TL,Term Loan,41762054.65,15.26,240,557957.99,Settled,2018-08-02,2038-04-19,BR1023,Branch Walk-in,LO95215,251794.94,True,2024-12-31
1000053,2000053,HL,Home Loan,47485625.46,10.79,12,4192208.32,Active,2019-09-17,2020-09-11,BR1031,Digital - Mobile App,LO83920,912500.65,False,2024-12-31
1000054,2000054,TL,Term Loan,38368215.11,10.27,24,1775283.65,Settled,2019-11-02,2021-10-22,BR1007,DSA,LO50888,523225.47,False,2024-12-31
1000055,2000055,VL,Vehicle Loan,47079382.87,10.77,48,1211539.42,Closed - Matured,2019-02-22,2023-02-01,BR1020,Digital - Mobile App,LO84177,788086.75,False,2024-12-31
1000056,2000056,ML,Micro Loan,21476062.86,13.61,240,260998.08,Active,2021-10-29,2041-07-16,BR1027,Aggregator,LO23833,247035.95,False,2024-12-31
1000057,2000057,EL,Education Loan,35394701.32,14.69,240,457987.05,Closed - Pre-Payment,2021-01-11,2040-09-28,BR1035,Aggregator,LO70931,408228.94,False,2024-12-31
1000058,2000058,GL,Gold Loan,42600486.68,21.21,24,2193450.36,NPA - Loss,2021-02-16,2023-02-06,BR1016,Aggregator,LO84691,603008.85,False,2024-12-31
1000059,2000059,GL,Gold Loan,1532129.89,21.54,36,58148.76,Active,2023-06-21,2026-06-05,BR1017,DST,LO46655,27892.12,False,2024-12-31
1000060,2000060,ML,Micro Loan,606540.61,23.14,24,31808.71,Closed - Matured,2020-09-15,2022-09-05,BR1032,Referral,LO41499,9315.94,False,2024-12-31
1000061,2000061,EL,Education Loan,39667350.12,9.04,48,987877.28,Closed - Matured,2022-07-15,2026-06-24,BR1020,DST,LO72031,527658.83,False,2024-12-31
1000062,2000062,VL,Vehicle Loan,49831910.05,16.58,84,1006296.4,Active,2023-02-02,2029-12-27,BR1017,Branch Walk-in,LO25814,788304.19,False,2024-12-31
1000063,2000063,LAP,Loan Against Property,37169765.08,23.19,36,1442514.72,Active,2020-02-24,2023-02-08,BR1031,Telesales,LO87278,730352.63,False,2024-12-31
1000064,2000064,LAP,Loan Against Property,41648155.33,12.39,84,743918.36,Active,2020-01-05,2026-11-29,BR1046,Referral,LO26591,379609.19,True,2024-12-31
1000065,2000065,ML,Micro Loan,14677618.56,23.08,180,291756.89,NPA - Loss,2019-02-25,2033-12-08,BR1037,Telesales,LO71524,178783.86,False,2024-12-31
1000066,2000066,PL,Personal Loan,48278332.39,11.67,180,569211.03,NPA - Sub-Standard,2019-04-13,2034-01-24,BR1026,Aggregator,LO19710,659255.95,True,2024-12-31
1000067,2000067,PL,Personal Loan,7544959.47,16.79,60,186660.78,Settled,2018-12-15,2023-11-19,BR1008,Referral,LO64548,106344.43,True,2024-12-31
1000068,2000068,ML,Micro Loan,19080863.5,22.49,60,532322.31,Active,2022-10-23,2027-09-27,BR1040,DSA,LO89905,370199.89,True,2024-12-31
1000069,2000069,BL,Business Loan,31313200.02,11.87,24,1472120.77,Active,2019-10-06,2021-09-25,BR1036,Digital - Mobile App,LO30517,157822.78,False,2024-12-31
1000070,2000070,CL,Consumer Loan,23548632.7,8.04,60,477932.29,Closed - Matured,2021-03-04,2026-02-06,BR1030,Digital - Mobile App,LO40595,444095.79,True,2024-12-31
1000071,2000071,VL,Vehicle Loan,5827337.49,11.21,36,191359.59,NPA - Sub-Standard,2020-12-24,2023-12-09,BR1005,DSA,LO31747,98420.4,False,2024-12-31
1000072,2000072,EL,Education Loan,6305247.54,18.86,120,117125.2,Active,2021-01-20,2030-11-29,BR1032,Aggregator,LO20543,88087.78,False,2024-12-31
1000073,2000073,GL,Gold Loan,30225310.68,7.93,48,736895.42,Closed - Pre-Payment,2024-06-14,2028-05-24,BR1002,Telesales,LO85529,169366.78,True,2024-12-31
1000074,2000074,EL,Education Loan,25996295.67,14.8,60,615724.26,Settled,2020-01-14,2024-12-18,BR1028,Aggregator,LO21959,313259.42,False,2024-12-31
1000075,2000075,GL,Gold Loan,16120806.97,9.23,36,514364.75,Active,2021-09-12,2024-08-27,BR1032,Telesales,LO96846,309163.27,True,2024-12-31
1000076,2000076,EL,Education Loan,4494183.66,11.66,24,210843.96,NPA - Doubtful,2022-07-14,2024-07-03,BR1001,Referral,LO70552,50329.08,True,2024-12-31
1000077,2000077,ML,Micro Loan,18152790.02,19.98,180,318548.62,Active,2018-07-31,2033-05-13,BR1036,Digital - Web,LO47752,210059.39,False,2024-12-31
1000078,2000078,LAP,Loan Against Property,1540585.18,17.9,48,45174.23,Active,2019-10-11,2023-09-20,BR1001,Referral,LO63476,9856.88,True,2024-12-31
1000079,2000079,EL,Education Loan,47358331.04,18.19,36,1716634.38,Restructured,2023-08-04,2026-07-19,BR1019,Referral,LO45838,531945.59,False,2024-12-31
1000080,2000080,EL,Education Loan,12262172.21,16.6,120,210015.8,Restructured,2020-02-20,2029-12-29,BR1033,Digital - Web,LO19150,112121.76,False,2024-12-31
1000081,2000081,GL,Gold Loan,46718994.84,15.88,12,4236201.93,Closed - Matured,2021-03-04,2022-02-27,BR1038,Aggregator,LO29476,546528.65,False,2024-12-31
1000082,2000082,GL,Gold Loan,16688753.79,20.09,120,323516.11,Restructured,2023-02-09,2032-12-18,BR1013,Branch Walk-in,LO84946,179313.36,False,2024-12-31
1000083,2000083,HL,Home Loan,15976998.73,15.3,120,260707.94,Settled,2022-05-01,2032-03-09,BR1042,Digital - Web,LO74923,311109.98,True,2024-12-31
1000084,2000084,ML,Micro Loan,48271144.15,12.98,24,2294444.73,Active,2022-12-09,2024-11-28,BR1030,DSA,LO28894,538207.78,True,2024-12-31
1000085,2000085,LAP,Loan Against Property,23527580.99,23.49,84,572997.9,Closed - Matured,2022-06-17,2029-05-11,BR1022,Referral,LO59808,454366.85,False,2024-12-31
1000086,2000086,ML,Micro Loan,1891365.08,8.63,60,38922.86,Closed - Matured,2020-07-20,2025-06-24,BR1028,Digital - Mobile App,LO93066,29426.54,True,2024-12-31
1000087,2000087,EL,Education Loan,8401602.86,12.44,12,748202.69,Active,2018-07-08,2019-07-03,BR1004,Telesales,LO56984,89247.0,True,2024-12-31
1000088,2000088,BL,Business Loan,26605199.28,16.84,36,946430.72,Active,2019-11-28,2022-11-12,BR1040,Co-lending Partner,LO91226,405649.97,False,2024-12-31
1000089,2000089,CL,Consumer Loan,7241574.23,15.11,60,172694.96,Active,2023-02-26,2028-01-31,BR1001,Aggregator,LO47700,109812.41,True,2024-12-31
1000090,2000090,LAP,Loan Against Property,22142316.2,13.2,60,506075.61,Closed - Matured,2022-10-04,2027-09-08,BR1030,Telesales,LO36111,442638.26,False,2024-12-31
1000091,2000091,LAP,Loan Against Property,11936564.53,16.94,60,296269.42,Active,2021-04-24,2026-03-29,BR1043,Co-lending Partner,LO45976,61132.75,True,2024-12-31
1000092,2000092,CL,Consumer Loan,37284090.49,21.24,60,1013700.01,Closed - Pre-Payment,2020-07-31,2025-07-05,BR1023,Branch Walk-in,LO93442,292753.93,False,2024-12-31
1000093,2000093,PL,Personal Loan,31449580.37,22.41,12,2949713.2,Written-Off,2021-06-19,2022-06-14,BR1003,DST,LO27224,199767.75,False,2024-12-31
1000094,2000094,GL,Gold Loan,37399295.16,10.4,36,1213805.75,NPA - Loss,2024-01-19,2027-01-03,BR1024,Referral,LO75771,699453.01,True,2024-12-31
1000095,2000095,TL,Term Loan,45711042.78,23.08,60,1290717.72,NPA - Sub-Standard,2021-10-19,2026-09-23,BR1030,Digital - Mobile App,LO28449,745650.98,True,2024-12-31
1000096,2000096,VL,Vehicle Loan,48366760.39,20.78,84,1096872.76,Written-Off,2019-01-05,2025-11-29,BR1001,Telesales,LO80329,331497.6,False,2024-12-31
1000097,2000097,TL,Term Loan,29269548.57,21.07,84,668953.72,Closed - Matured,2019-03-20,2026-02-11,BR1031,DSA,LO91205,534565.06,False,2024-12-31
1000098,2000098,CL,Consumer Loan,11146223.28,8.54,180,110022.77,Closed - Matured,2021-05-22,2036-03-04,BR1008,Digital - Web,LO15943,213939.75,False,2024-12-31
1000099,2000099,EL,Education Loan,5894411.99,11.37,240,62332.6,Active,2019-07-10,2039-03-27,BR1024,Referral,LO64935,81402.45,True,2024-12-31
1000100,2000100,VL,Vehicle Loan,32780602.68,21.26,120,661126.37,Active,2021-02-19,2030-12-29,BR1024,Branch Walk-in,LO68115,382563.99,True,2024-12-31
1000101,2000101,GL,Gold Loan,5057795.77,18.81,240,81224.26,Active,2022-01-09,2041-09-26,BR1018,Branch Walk-in,LO26011,97287.52,False,2024-12-31
1000102,2000102,LAP,Loan Against Property,33172160.03,18.09,12,3042644.41,Written-Off,2018-07-27,2019-07-22,BR1016,Digital - Web,LO84000,267967.48,True,2024-12-31
1000103,2000103,CL,Consumer Loan,10875972.46,21.85,84,253773.44,Written-Off,2019-08-28,2026-07-22,BR1039,DSA,LO46342,194419.88,True,2024-12-31
1000104,2000104,PL,Personal Loan,27056751.3,20.68,24,1386079.77,Active,2018-04-16,2020-04-05,BR1023,Branch Walk-in,LO87182,266686.82,True,2024-12-31
1000105,2000105,TL,Term Loan,2714710.99,19.74,240,45564.78,Closed - Matured,2019-04-11,2038-12-27,BR1031,Aggregator,LO57453,34472.95,True,2024-12-31
1000106,2000106,EL,Education Loan,25241550.62,23.1,12,2375850.58,Active,2023-11-06,2024-10-31,BR1042,DSA,LO17972,504295.93,False,2024-12-31
1000107,2000107,VL,Vehicle Loan,34336265.05,15.59,180,494516.32,Restructured,2018-10-29,2033-08-11,BR1021,Digital - Web,LO18609,236675.54,False,2024-12-31
1000108,2000108,VL,Vehicle Loan,49731925.02,16.25,180,739100.0,Closed - Pre-Payment,2023-09-02,2038-06-15,BR1007,Digital - Mobile App,LO95814,734229.71,True,2024-12-31
1000109,2000109,VL,Vehicle Loan,22632590.31,11.27,84,390745.55,Active,2023-02-01,2029-12-26,BR1047,Digital - Mobile App,LO50966,258044.58,False,2024-12-31
1000110,2000110,GL,Gold Loan,47684266.63,18.83,180,796560.24,Active,2018-10-02,2033-07-15,BR1006,Digital - Mobile App,LO66606,307490.4,False,2024-12-31
1000111,2000111,PL,Personal Loan,27862899.71,17.18,240,412511.44,Active,2024-04-19,2044-01-05,BR1008,Co-lending Partner,LO56346,504433.02,False,2024-12-31
1000112,2000112,HL,Home Loan,48423091.4,17.41,84,1001072.05,Closed - Pre-Payment,2019-03-01,2026-01-23,BR1014,Digital - Web,LO96079,592351.98,True,2024-12-31
1000113,2000113,GL,Gold Loan,42284133.59,13.56,60,974258.94,Active,2024-06-09,2029-05-14,BR1028,Referral,LO91490,600586.89,True,2024-12-31
1000114,2000114,CL,Consumer Loan,46461306.12,21.19,60,1261905.3,Active,2018-04-29,2023-04-03,BR1045,Telesales,LO54541,476941.63,True,2024-12-31
1000115,2000115,PL,Personal Loan,28359422.63,14.11,36,970773.67,Active,2018-05-06,2021-04-20,BR1034,Branch Walk-in,LO59308,320390.22,False,2024-12-31
1000116,2000116,PL,Personal Loan,18565649.31,19.41,24,939571.14,Active,2018-08-04,2020-07-24,BR1049,DSA,LO98338,115547.46,False,2024-12-31
1000117,2000117,VL,Vehicle Loan,24334519.07,14.79,60,576237.54,Written-Off,2020-06-01,2025-05-06,BR1008,DST,LO66349,162149.33,False,2024-12-31
1000118,2000118,ML,Micro Loan,33389914.68,8.25,120,409536.07,Active,2018-08-13,2028-06-21,BR1020,Branch Walk-in,LO27987,549678.58,False,2024-12-31
1000119,2000119,GL,Gold Loan,6087218.75,15.71,120,100871.52,Active,2019-12-21,2029-10-29,BR1035,Branch Walk-in,LO75570,81452.18,False,2024-12-31
1000120,2000120,LAP,Loan Against Property,19913851.59,19.74,120,381419.86,Active,2018-03-18,2028-01-25,BR1005,DST,LO85465,227799.81,False,2024-12-31
1000121,2000121,VL,Vehicle Loan,14546808.76,14.18,84,274055.87,NPA - Sub-Standard,2019-12-05,2026-10-29,BR1040,Aggregator,LO57428,91964.17,True,2024-12-31
1000122,2000122,BL,Business Loan,21840258.69,14.11,24,1049749.09,NPA - Loss,2022-06-10,2024-05-30,BR1048,DST,LO39041,218315.87,True,2024-12-31
1000123,2000123,LAP,Loan Against Property,25573115.9,9.38,240,236374.62,Restructured,2020-03-05,2039-11-21,BR1023,DST,LO94599,440511.12,True,2024-12-31
1000124,2000124,LAP,Loan Against Property,7407566.49,10.75,36,241638.18,Active,2018-11-05,2021-10-20,BR1050,Aggregator,LO70811,120866.95,False,2024-12-31
1000125,2000125,CL,Consumer Loan,32185292.35,23.78,84,789727.03,Active,2021-07-18,2028-06-11,BR1005,Aggregator,LO67961,465746.18,False,2024-12-31
1000126,2000126,CL,Consumer Loan,2902988.8,15.87,60,70394.69,Active,2023-03-07,2028-02-09,BR1004,DST,LO47627,17856.18,True,2024-12-31
1000127,2000127,CL,Consumer Loan,29744582.95,13.84,240,366428.66,Active,2018-06-18,2038-03-05,BR1037,Branch Walk-in,LO52143,418657.61,True,2024-12-31
1000128,2000128,HL,Home Loan,22581103.14,20.88,84,513473.82,Active,2018-12-12,2025-11-05,BR1012,DSA,LO42472,352588.7,False,2024-12-31
1000129,2000129,ML,Micro Loan,26185126.96,10.12,84,436329.4,Active,2021-03-04,2028-01-27,BR1050,DST,LO98984,365761.39,False,2024-12-31
1000130,2000130,LAP,Loan Against Property,16551568.68,16.71,120,284628.03,Active,2021-03-09,2031-01-16,BR1043,Digital - Web,LO53694,102992.63,True,2024-12-31
1000131,2000131,GL,Gold Loan,15580563.7,18.32,120,283956.42,Closed - Pre-Payment,2019-06-13,2029-04-21,BR1006,Telesales,LO83259,165935.96,False,2024-12-31
1000132,2000132,PL,Personal Loan,33538808.36,21.18,240,600980.57,Closed - Matured,2019-01-18,2038-10-05,BR1028,Referral,LO57425,176865.5,False,2024-12-31
1000133,2000133,PL,Personal Loan,47563348.75,13.14,180,606179.69,Active,2020-02-26,2034-12-09,BR1009,Digital - Web,LO20114,448849.69,True,2024-12-31
1000134,2000134,ML,Micro Loan,38566648.55,21.28,240,694131.26,Closed - Matured,2018-06-04,2038-02-19,BR1050,Digital - Web,LO88282,410765.59,True,2024-12-31
1000135,2000135,PL,Personal Loan,41584118.33,20.22,36,1550080.2,Active,2022-11-28,2025-11-12,BR1024,Branch Walk-in,LO68222,588786.68,False,2024-12-31
1000136,2000136,BL,Business Loan,26747156.37,12.61,180,331581.67,Active,2020-03-05,2034-12-17,BR1037,Aggregator,LO70513,442440.18,False,2024-12-31
1000137,2000137,ML,Micro Loan,26420243.44,23.44,48,853189.5,NPA - Loss,2019-07-21,2023-06-30,BR1004,Aggregator,LO58655,351867.74,True,2024-12-31
1000138,2000138,ML,Micro Loan,42573185.8,12.2,36,1418109.19,Active,2021-01-22,2024-01-07,BR1033,Digital - Web,LO67340,271434.01,True,2024-12-31
1000139,2000139,EL,Education Loan,44243025.71,22.85,120,940229.92,Active,2018-08-07,2028-06-15,BR1024,Branch Walk-in,LO60615,881227.29,False,2024-12-31
1000140,2000140,BL,Business Loan,1506558.52,22.86,84,36096.8,Active,2019-08-22,2026-07-16,BR1019,Aggregator,LO28191,24681.37,False,2024-12-31
1000141,2000141,EL,Education Loan,30805878.03,22.45,12,2889932.94,Active,2020-11-14,2021-11-09,BR1010,Referral,LO89807,397906.36,True,2024-12-31
1000142,2000142,TL,Term Loan,11958247.31,9.51,48,300485.79,Closed - Matured,2022-09-16,2026-08-26,BR1040,Aggregator,LO18232,79676.23,False,2024-12-31
1000143,2000143,CL,Consumer Loan,26849083.84,17.93,48,787710.08,Active,2019-08-12,2023-07-22,BR1001,DST,LO41531,364072.39,True,2024-12-31
1000144,2000144,LAP,Loan Against Property,26221879.43,13.45,240,315653.45,Active,2024-02-07,2043-10-25,BR1033,Referral,LO12665,284685.86,False,2024-12-31
1000145,2000145,HL,Home Loan,31819972.49,23.69,60,909679.3,Active,2018-03-08,2023-02-10,BR1005,DST,LO41604,508932.31,True,2024-12-31
1000146,2000146,CL,Consumer Loan,36785830.54,12.99,12,3285437.58,Active,2021-12-14,2022-12-09,BR1042,Digital - Web,LO99742,440302.24,False,2024-12-31
1000147,2000147,PL,Personal Loan,40593734.32,8.54,180,400694.93,Active,2018-06-01,2033-03-14,BR1003,Branch Walk-in,LO15492,395136.86,False,2024-12-31
1000148,2000148,ML,Micro Loan,19971380.38,20.95,180,364852.41,Active,2020-11-03,2035-08-17,BR1042,Branch Walk-in,LO47501,206795.91,True,2024-12-31
1000149,2000149,GL,Gold Loan,13733508.65,20.69,120,271720.78,Closed - Matured,2022-06-27,2032-05-05,BR1025,DST,LO34486,170886.71,False,2024-12-31
1000150,2000150,GL,Gold Loan,46223092.28,16.07,24,2264772.69,Active,2022-10-05,2024-09-24,BR1039,Digital - Web,LO81496,434797.35,True,2024-12-31
1000151,2000151,LAP,Loan Against Property,16463203.28,12.38,180,201628.7,Active,2022-10-12,2037-07-25,BR1029,DST,LO68606,92775.54,False,2024-12-31
1000152,2000152,CL,Consumer Loan,49907714.83,12.03,12,4434940.46,Closed - Matured,2018-11-04,2019-10-30,BR1026,DST,LO77251,849251.62,True,2024-12-31
1000153,2000153,HL,Home Loan,7224695.47,17.52,180,113861.7,Active,2018-05-23,2033-03-05,BR1016,DST,LO57467,77613.57,True,2024-12-31
1000154,2000154,CL,Consumer Loan,7756564.35,14.92,84,149328.59,Active,2022-03-04,2029-01-26,BR1005,Digital - Web,LO79397,81476.89,False,2024-12-31
1000155,2000155,TL,Term Loan,12555621.49,9.37,36,401431.03,Active,2023-08-07,2026-07-22,BR1036,Digital - Mobile App,LO44311,208730.52,False,2024-12-31
1000156,2000156,BL,Business Loan,49818619.1,12.21,180,604654.33,Active,2020-03-30,2035-01-11,BR1005,Aggregator,LO32630,920657.32,False,2024-12-31
1000157,2000157,LAP,Loan Against Property,40544609.6,23.46,84,986671.41,Closed - Matured,2021-11-24,2028-10-18,BR1036,Referral,LO48058,744803.47,True,2024-12-31
1000158,2000158,PL,Personal Loan,39705449.55,15.89,24,1942016.08,Written-Off,2020-04-03,2022-03-24,BR1016,Aggregator,LO13445,413470.63,False,2024-12-31
1000159,2000159,EL,Education Loan,40202720.14,16.6,24,1979995.23,Active,2018-09-27,2020-09-16,BR1046,Aggregator,LO78903,448739.82,False,2024-12-31
1000160,2000160,CL,Consumer Loan,3780160.57,23.54,24,198994.4,Active,2023-01-18,2025-01-07,BR1034,DST,LO26821,68683.26,True,2024-12-31
1000161,2000161,PL,Personal Loan,21687652.5,22.53,12,2035378.43,Active,2019-05-24,2020-05-18,BR1020,Digital - Web,LO31229,213404.58,True,2024-12-31
1000162,2000162,GL,Gold Loan,47379408.53,16.06,60,1153686.16,Active,2018-11-20,2023-10-25,BR1041,Referral,LO45972,325854.46,False,2024-12-31
1000163,2000163,CL,Consumer Loan,26720553.69,15.79,36,936647.42,Active,2019-09-24,2022-09-08,BR1040,DST,LO83874,150113.79,True,2024-12-31
1000164,2000164,LAP,Loan Against Property,2368543.98,18.08,60,60248.58,Written-Off,2020-05-13,2025-04-17,BR1027,DSA,LO75278,43427.14,False,2024-12-31
1000165,2000165,TL,Term Loan,24198946.43,20.78,120,480240.63,Active,2021-05-03,2031-03-12,BR1045,DSA,LO30719,280564.58,False,2024-12-31
1000166,2000166,EL,Education Loan,10280748.38,17.51,84,213136.51,Closed - Matured,2021-07-31,2028-06-24,BR1023,Co-lending Partner,LO27139,168706.82,True,2024-12-31
1000167,2000167,GL,Gold Loan,12162719.26,9.52,180,127152.94,Active,2020-10-12,2035-07-26,BR1004,Telesales,LO60351,218472.33,False,2024-12-31
1000168,2000168,BL,Business Loan,48138024.03,22.39,84,1139299.18,Closed - Matured,2024-06-24,2031-05-19,BR1013,Digital - Web,LO75308,959850.11,False,2024-12-31
1000169,2000169,EL,Education Loan,43965875.61,15.71,24,2146618.89,Active,2022-05-30,2024-05-19,BR1016,Branch Walk-in,LO86460,452559.5,True,2024-12-31
1000170,2000170,TL,Term Loan,24795220.76,22.06,180,473660.51,Active,2021-03-16,2035-12-28,BR1007,Co-lending Partner,LO27555,452186.37,False,2024-12-31
1000171,2000171,VL,Vehicle Loan,18360273.89,14.11,240,229782.12,Active,2020-03-08,2039-11-24,BR1019,Digital - Mobile App,LO60639,230675.41,False,2024-12-31
1000172,2000172,CL,Consumer Loan,34051892.14,9.46,24,1562848.63,Active,2022-06-02,2024-05-22,BR1022,Referral,LO57920,555879.35,True,2024-12-31
1000173,2000173,CL,Consumer Loan,25505213.56,15.75,12,2311093.59,Active,2018-06-09,2019-06-04,BR1022,Aggregator,LO78069,302359.93,True,2024-12-31
1000174,2000174,GL,Gold Loan,46575299.9,12.76,120,688841.73,Closed - Pre-Payment,2021-05-10,2031-03-19,BR1033,Referral,LO79774,575097.82,False,2024-12-31
1000175,2000175,EL,Education Loan,40805866.78,13.58,24,1951120.61,Closed - Pre-Payment,2022-09-03,2024-08-23,BR1047,DSA,LO88238,494520.31,True,2024-12-31
1000176,2000176,HL,Home Loan,29217811.52,10.31,120,391148.59,NPA - Sub-Standard,2019-08-29,2029-07-07,BR1016,DSA,LO85047,561656.26,True,2024-12-31
1000177,2000177,BL,Business Loan,1044974.64,12.68,36,35048.48,Closed - Matured,2022-08-19,2025-08-03,BR1027,Referral,LO90147,19653.69,True,2024-12-31
1000178,2000178,PL,Personal Loan,25982292.26,16.75,180,395274.09,Active,2023-11-23,2038-09-05,BR1012,Aggregator,LO79878,263328.07,False,2024-12-31
1000179,2000179,TL,Term Loan,30542821.35,10.67,48,784509.39,Closed - Pre-Payment,2021-02-16,2025-01-26,BR1015,Telesales,LO47880,475659.06,False,2024-12-31
1000180,2000180,GL,Gold Loan,24042190.82,16.75,60,594283.29,Active,2021-03-24,2026-02-26,BR1044,Referral,LO59767,443251.61,False,2024-12-31
1000181,2000181,GL,Gold Loan,47734982.28,20.78,60,1285491.2,Active,2018-06-22,2023-05-27,BR1046,Digital - Mobile App,LO55398,900288.66,False,2024-12-31
1000182,2000182,EL,Education Loan,10777941.72,21.16,60,292550.43,Closed - Matured,2024-04-21,2029-03-26,BR1009,Digital - Mobile App,LO90698,173668.91,True,2024-12-31
1000183,2000183,BL,Business Loan,2633194.95,22.44,48,83591.92,Active,2020-08-11,2024-07-21,BR1027,DST,LO71918,17137.29,True,2024-12-31
1000184,2000184,HL,Home Loan,48229486.48,23.64,36,1883076.01,Closed - Matured,2022-07-25,2025-07-09,BR1031,Aggregator,LO95267,385442.32,False,2024-12-31
1000185,2000185,GL,Gold Loan,14342225.53,8.48,24,651804.33,Active,2024-06-09,2026-05-30,BR1048,DSA,LO32946,161612.14,True,2024-12-31
1000186,2000186,HL,Home Loan,49858872.97,14.05,180,665666.98,Restructured,2020-02-03,2034-11-16,BR1019,DSA,LO11214,472456.85,True,2024-12-31
1000187,2000187,GL,Gold Loan,14299626.45,23.82,240,286407.78,Active,2023-11-18,2043-08-05,BR1009,Referral,LO71344,130020.16,True,2024-12-31
1000188,2000188,GL,Gold Loan,8208463.7,15.07,60,195580.52,Active,2020-02-02,2025-01-06,BR1022,Telesales,LO84420,124079.28,True,2024-12-31
1000189,2000189,PL,Personal Loan,30586629.53,18.04,120,551913.69,Active,2022-10-18,2032-08-26,BR1006,Co-lending Partner,LO97720,196695.78,True,2024-12-31
1000190,2000190,EL,Education Loan,16247723.34,11.59,60,358064.35,Active,2022-04-21,2027-03-26,BR1049,Telesales,LO53204,154827.6,True,2024-12-31
1000191,2000191,TL,Term Loan,32718800.02,18.93,12,3014159.69,Active,2019-04-30,2020-04-24,BR1011,Co-lending Partner,LO99925,410222.0,False,2024-12-31
1000192,2000192,LAP,Loan Against Property,31971695.13,23.02,84,769229.19,Active,2020-06-23,2027-05-18,BR1009,Aggregator,LO30078,378055.07,False,2024-12-31
1000193,2000193,VL,Vehicle Loan,35126842.27,22.56,240,668030.94,Written-Off,2020-06-13,2040-02-29,BR1044,Digital - Mobile App,LO78879,411026.9,False,2024-12-31
1000194,2000194,LAP,Loan Against Property,45870510.87,9.35,240,423090.27,Active,2023-09-02,2043-05-20,BR1035,Digital - Web,LO31566,455116.41,False,2024-12-31
1000195,2000195,LAP,Loan Against Property,34046732.37,19.33,180,581178.25,Restructured,2019-01-08,2033-10-21,BR1029,DSA,LO69432,237617.77,False,2024-12-31
1000196,2000196,EL,Education Loan,28239168.14,16.72,60,697571.55,Active,2018-03-31,2023-03-05,BR1001,Branch Walk-in,LO85800,172130.24,False,2024-12-31
1000197,2000197,GL,Gold Loan,35049205.42,16.43,12,3187180.82,Settled,2018-10-10,2019-10-05,BR1031,DSA,LO47629,390202.95,True,2024-12-31
1000198,2000198,VL,Vehicle Loan,18785599.94,22.21,180,360990.72,Active,2022-03-27,2037-01-07,BR1044,Referral,LO27431,278083.45,False,2024-12-31
1000199,2000199,LAP,Loan Against Property,9005834.09,16.36,240,127732.79,Closed - Matured,2019-06-06,2039-02-21,BR1015,DSA,LO12979,177211.04,False,2024-12-31
1000200,2000200,ML,Micro Loan,21263988.68,13.76,48,578513.13,Active,2020-10-10,2024-09-19,BR1010,Telesales,LO34704,405316.19,True,2024-12-31
1000201,2000201,HL,Home Loan,40492961.36,14.42,12,3643753.25,Active,2020-09-12,2021-09-07,BR1007,DSA,LO68515,565556.02,True,2024-12-31
1000202,2000202,BL,Business Loan,37052999.82,14.14,48,1015132.02,Active,2024-01-20,2027-12-30,BR1050,DSA,LO28367,465327.79,False,2024-12-31
1000203,2000203,BL,Business Loan,40807734.21,19.57,84,895648.61,Closed - Pre-Payment,2024-06-23,2031-05-18,BR1044,DST,LO41051,388753.51,True,2024-12-31
1000204,2000204,ML,Micro Loan,11130032.75,12.46,12,991286.62,Restructured,2024-03-30,2025-03-25,BR1048,Digital - Web,LO92050,168967.83,False,2024-12-31
1000205,2000205,HL,Home Loan,48617282.74,23.04,120,1039552.09,Active,2023-11-19,2033-09-27,BR1027,Co-lending Partner,LO29558,461782.87,True,2024-12-31
1000206,2000206,ML,Micro Loan,23728589.14,21.51,60,648764.22,NPA - Sub-Standard,2019-08-15,2024-07-19,BR1004,Referral,LO64090,463105.96,True,2024-12-31
1000207,2000207,VL,Vehicle Loan,12218639.95,10.86,24,568690.53,NPA - Doubtful,2023-01-17,2025-01-06,BR1006,Referral,LO34966,70538.81,False,2024-12-31
1000208,2000208,CL,Consumer Loan,30185810.04,21.91,48,949562.2,Active,2024-04-08,2028-03-18,BR1014,DST,LO49739,584255.3,True,2024-12-31
1000209,2000209,BL,Business Loan,46864272.18,23.37,24,2463054.06,Restructured,2023-05-16,2025-05-05,BR1045,Branch Walk-in,LO61987,877622.39,False,2024-12-31
1000210,2000210,TL,Term Loan,19095021.04,16.31,84,382645.67,Active,2021-06-17,2028-05-11,BR1033,Aggregator,LO71080,123719.0,False,2024-12-31
1000211,2000211,GL,Gold Loan,45725091.89,13.62,120,699547.31,Closed - Pre-Payment,2018-07-07,2028-05-15,BR1015,Digital - Web,LO12125,407484.26,False,2024-12-31
1000212,2000212,TL,Term Loan,7705329.37,12.94,120,114776.32,NPA - Sub-Standard,2024-05-22,2034-03-31,BR1032,Referral,LO95800,147572.22,False,2024-12-31
1000213,2000213,TL,Term Loan,38191695.22,15.56,180,549249.88,Active,2023-03-03,2037-12-14,BR1023,Digital - Web,LO28344,603608.4,False,2024-12-31
1000214,2000214,PL,Personal Loan,45853279.55,16.45,12,4170078.06,Active,2023-11-17,2024-11-11,BR1005,DSA,LO10836,512909.44,True,2024-12-31
1000215,2000215,LAP,Loan Against Property,35387761.23,7.65,240,288335.93,Active,2023-02-11,2042-10-29,BR1040,Aggregator,LO96413,435899.92,True,2024-12-31
1000216,2000216,ML,Micro Loan,27627013.69,7.7,240,225952.1,Active,2021-01-30,2040-10-17,BR1019,DSA,LO75826,475111.65,False,2024-12-31
1000217,2000217,PL,Personal Loan,5440119.79,9.09,36,173222.32,Active,2020-09-14,2023-08-30,BR1034,Telesales,LO56457,49014.78,False,2024-12-31
1000218,2000218,LAP,Loan Against Property,18715274.01,14.2,48,513302.11,Active,2020-07-14,2024-06-23,BR1006,DSA,LO22255,207349.79,False,2024-12-31
1000219,2000219,ML,Micro Loan,23852654.5,18.01,36,862450.26,Active,2018-12-05,2021-11-19,BR1028,DST,LO84167,468941.72,True,2024-12-31
1000220,2000220,ML,Micro Loan,45965695.55,11.29,180,530845.55,Active,2021-01-15,2035-10-29,BR1005,Telesales,LO81176,618360.32,True,2024-12-31
1000221,2000221,PL,Personal Loan,46445441.43,12.69,48,1238880.64,Written-Off,2019-08-14,2023-07-24,BR1046,Co-lending Partner,LO20084,440727.92,True,2024-12-31
1000222,2000222,CL,Consumer Loan,41749062.95,13.92,240,516734.32,Active,2021-09-20,2041-06-07,BR1048,Digital - Web,LO20279,522359.8,False,2024-12-31
1000223,2000223,HL,Home Loan,4974520.79,11.33,24,232614.55,Closed - Pre-Payment,2021-10-27,2023-10-17,BR1040,Co-lending Partner,LO52778,27083.21,False,2024-12-31
1000224,2000224,EL,Education Loan,24581112.46,13.37,120,372406.31,Active,2022-11-04,2032-09-12,BR1038,Co-lending Partner,LO21232,407616.57,False,2024-12-31
1000225,2000225,BL,Business Loan,35684115.78,8.85,36,1132255.81,Closed - Matured,2022-04-06,2025-03-21,BR1041,Digital - Web,LO61068,347926.32,True,2024-12-31
1000226,2000226,LAP,Loan Against Property,359241.6,12.59,84,6455.5,Active,2021-01-09,2027-12-04,BR1006,Digital - Web,LO66489,4214.86,False,2024-12-31
1000227,2000227,LAP,Loan Against Property,1410469.01,13.34,24,67281.74,NPA - Doubtful,2021-08-21,2023-08-11,BR1001,Telesales,LO64238,15257.03,True,2024-12-31
1000228,2000228,ML,Micro Loan,45269857.96,23.64,240,900151.77,Closed - Matured,2019-11-26,2039-08-13,BR1011,Digital - Web,LO45247,430831.83,False,2024-12-31
1000229,2000229,PL,Personal Loan,3257030.8,14.67,120,51891.04,Active,2021-05-12,2031-03-21,BR1005,DST,LO42990,62415.57,False,2024-12-31
1000230,2000230,CL,Consumer Loan,30871772.72,15.05,36,1070936.2,Active,2021-06-01,2024-05-16,BR1026,DST,LO91289,330277.01,False,2024-12-31
1000231,2000231,EL,Education Loan,16803337.56,20.96,36,632721.83,Active,2021-05-15,2024-04-29,BR1045,Branch Walk-in,LO72784,163206.6,False,2024-12-31
1000232,2000232,GL,Gold Loan,14643262.76,18.97,180,246107.56,Written-Off,2024-06-16,2039-03-30,BR1021,Co-lending Partner,LO46739,252558.47,False,2024-12-31
1000233,2000233,GL,Gold Loan,5783002.4,16.8,240,83946.69,Closed - Matured,2020-01-07,2039-09-24,BR1036,DSA,LO70505,110713.4,True,2024-12-31
1000234,2000234,EL,Education Loan,39904507.5,21.22,24,2054833.7,Closed - Matured,2022-08-03,2024-07-23,BR1009,Telesales,LO41722,350769.61,True,2024-12-31
1000235,2000235,VL,Vehicle Loan,39474930.48,8.72,180,393832.61,Active,2022-06-30,2037-04-12,BR1045,Co-lending Partner,LO81256,219144.19,False,2024-12-31
1000236,2000236,ML,Micro Loan,29731615.17,22.59,24,1551097.6,Closed - Matured,2020-10-13,2022-10-03,BR1023,Digital - Web,LO94803,421896.63,False,2024-12-31
1000237,2000237,GL,Gold Loan,48289267.21,14.6,12,4349398.47,Active,2019-02-08,2020-02-03,BR1033,Referral,LO83137,661938.38,True,2024-12-31
1000238,2000238,EL,Education Loan,18768566.43,15.14,240,249086.2,Active,2019-09-10,2039-05-28,BR1002,Aggregator,LO23703,177015.42,True,2024-12-31
1000239,2000239,LAP,Loan Against Property,41582755.46,19.55,84,912160.9,Active,2021-07-01,2028-05-25,BR1014,Referral,LO73298,425163.07,True,2024-12-31
1000240,2000240,EL,Education Loan,36127497.77,14.97,24,1751186.37,Active,2021-05-14,2023-05-04,BR1046,Digital - Mobile App,LO12960,640818.72,True,2024-12-31
1000241,2000241,PL,Personal Loan,46503130.08,19.72,240,779798.64,Closed - Pre-Payment,2019-12-16,2039-09-02,BR1022,Referral,LO65885,901088.33,True,2024-12-31
1000242,2000242,VL,Vehicle Loan,31525039.91,10.58,120,426796.52,Active,2022-06-09,2032-04-17,BR1040,Branch Walk-in,LO68926,437663.62,False,2024-12-31
1000243,2000243,HL,Home Loan,35266307.24,10.9,24,1642049.5,Active,2024-06-22,2026-06-12,BR1035,Digital - Web,LO57945,348775.8,False,2024-12-31
1000244,2000244,LAP,Loan Against Property,13191434.43,21.73,240,242137.04,Closed - Pre-Payment,2021-07-07,2041-03-24,BR1040,Co-lending Partner,LO86939,88560.45,False,2024-12-31
1000245,2000245,EL,Education Loan,30906397.7,20.93,60,834905.36,Closed - Matured,2018-12-14,2023-11-18,BR1021,Digital - Mobile App,LO41270,296104.93,True,2024-12-31
1000246,2000246,GL,Gold Loan,34702483.43,15.93,120,579799.2,Closed - Pre-Payment,2019-07-19,2029-05-27,BR1028,Digital - Web,LO73788,504314.7,True,2024-12-31
1000247,2000247,ML,Micro Loan,8426589.64,12.27,36,280971.27,NPA - Doubtful,2021-07-12,2024-06-26,BR1040,DSA,LO57059,162444.67,False,2024-12-31
1000248,2000248,PL,Personal Loan,9836911.73,13.84,240,121182.62,Closed - Matured,2023-09-02,2043-05-20,BR1027,Aggregator,LO64477,153968.68,False,2024-12-31
1000249,2000249,EL,Education Loan,8445949.02,16.83,48,242966.01,Active,2021-04-11,2025-03-21,BR1015,Referral,LO47836,63540.01,False,2024-12-31
1000250,2000250,CL,Consumer Loan,37151660.77,20.14,240,635226.61,Active,2023-09-24,2043-06-11,BR1008,Telesales,LO81186,644553.16,False,2024-12-31
1000251,2000251,ML,Micro Loan,41148285.3,8.19,180,397761.14,Active,2024-02-16,2038-11-29,BR1028,Digital - Mobile App,LO95678,669490.11,False,2024-12-31
1000252,2000252,HL,Home Loan,22541643.91,13.25,24,1074319.73,NPA - Doubtful,2022-12-04,2024-11-23,BR1008,Branch Walk-in,LO37509,386826.8,False,2024-12-31
1000253,2000253,CL,Consumer Loan,31675254.48,10.24,36,1025644.21,NPA - Sub-Standard,2020-04-26,2023-04-11,BR1004,DST,LO79767,291927.86,True,2024-12-31
1000254,2000254,GL,Gold Loan,48952107.8,12.33,60,1097093.43,Settled,2023-10-09,2028-09-12,BR1044,Digital - Mobile App,LO27771,951706.32,False,2024-12-31
1000255,2000255,HL,Home Loan,49625062.66,21.81,36,1890329.33,Active,2019-06-28,2022-06-12,BR1046,DST,LO42447,814947.93,False,2024-12-31
1000256,2000256,EL,Education Loan,7194364.49,17.93,120,129307.76,Active,2022-03-17,2032-01-24,BR1041,Digital - Mobile App,LO62802,91614.49,False,2024-12-31
1000257,2000257,GL,Gold Loan,22789312.89,15.55,12,2062844.06,Closed - Matured,2019-01-17,2020-01-12,BR1030,DST,LO18300,385940.86,False,2024-12-31
1000258,2000258,BL,Business Loan,48409616.15,21.11,180,890174.78,Active,2021-01-04,2035-10-18,BR1019,DST,LO81737,661711.27,False,2024-12-31
1000259,2000259,GL,Gold Loan,44718317.44,20.08,12,4144171.6,Closed - Pre-Payment,2019-02-12,2020-02-07,BR1030,DSA,LO26284,847031.7,True,2024-12-31
1000260,2000260,EL,Education Loan,22880254.98,23.87,120,502393.49,Settled,2020-04-08,2030-02-15,BR1009,Telesales,LO30837,414506.72,False,2024-12-31
1000261,2000261,LAP,Loan Against Property,32763939.42,11.63,84,571910.15,Active,2019-11-09,2026-10-03,BR1041,Telesales,LO40689,374769.15,True,2024-12-31
1000262,2000262,LAP,Loan Against Property,154206.55,15.37,36,5373.6,Active,2020-07-15,2023-06-30,BR1029,DSA,LO11056,2380.02,True,2024-12-31
1000263,2000263,VL,Vehicle Loan,34732146.96,15.38,48,973325.09,Active,2022-04-19,2026-03-29,BR1007,Digital - Mobile App,LO51071,365153.83,False,2024-12-31
1000264,2000264,PL,Personal Loan,19197780.39,20.92,36,722489.36,Active,2019-08-09,2022-07-24,BR1037,DSA,LO89995,283173.08,False,2024-12-31
1000265,2000265,GL,Gold Loan,36149358.12,17.86,36,1304348.49,Closed - Pre-Payment,2022-08-14,2025-07-29,BR1029,Branch Walk-in,LO21362,666915.68,True,2024-12-31
1000266,2000266,LAP,Loan Against Property,29519738.5,13.84,120,455506.87,Written-Off,2021-07-12,2031-05-21,BR1016,Telesales,LO94491,184903.69,False,2024-12-31
1000267,2000267,HL,Home Loan,42409816.01,18.36,60,1085253.31,Active,2020-04-21,2025-03-26,BR1033,Branch Walk-in,LO61347,400057.34,True,2024-12-31
1000268,2000268,BL,Business Loan,24794897.23,9.36,180,256823.92,Active,2018-10-18,2033-07-31,BR1001,DST,LO51480,173062.02,False,2024-12-31
1000269,2000269,GL,Gold Loan,27363175.44,10.35,180,299932.67,Active,2018-10-26,2033-08-08,BR1005,DSA,LO44365,225367.06,True,2024-12-31
1000270,2000270,VL,Vehicle Loan,25379869.15,17.87,240,389153.14,Active,2022-08-29,2042-05-16,BR1026,Digital - Mobile App,LO93956,331168.52,True,2024-12-31
1000271,2000271,TL,Term Loan,4271493.98,8.8,48,105891.12,Active,2019-09-29,2023-09-08,BR1026,Digital - Mobile App,LO50654,66123.32,True,2024-12-31
1000272,2000272,HL,Home Loan,12299539.71,22.76,24,642702.96,Closed - Pre-Payment,2023-02-01,2025-01-21,BR1004,Telesales,LO97304,198335.03,True,2024-12-31
1000273,2000273,LAP,Loan Against Property,731982.08,9.76,12,64271.18,Active,2019-11-03,2020-10-28,BR1023,Referral,LO77793,12256.9,False,2024-12-31
1000274,2000274,PL,Personal Loan,18656284.6,19.87,60,492928.92,Written-Off,2019-04-29,2024-04-02,BR1002,DST,LO66272,169393.63,True,2024-12-31
1000275,2000275,TL,Term Loan,35644930.09,17.01,24,1762537.32,Active,2023-07-26,2025-07-15,BR1024,DSA,LO75484,637701.94,True,2024-12-31
1000276,2000276,GL,Gold Loan,7949768.06,20.26,24,405620.28,Closed - Matured,2020-07-24,2022-07-14,BR1001,DSA,LO11610,68910.75,False,2024-12-31
1000277,2000277,GL,Gold Loan,19210675.77,9.98,12,1688744.92,NPA - Sub-Standard,2024-03-14,2025-03-09,BR1046,Co-lending Partner,LO39427,188783.89,False,2024-12-31
1000278,2000278,GL,Gold Loan,13635772.1,8.79,84,217936.55,Active,2019-05-05,2026-03-29,BR1004,Digital - Web,LO39253,232695.41,True,2024-12-31
1000279,2000279,VL,Vehicle Loan,3539429.24,15.17,60,84518.95,Active,2021-06-26,2026-05-31,BR1036,Aggregator,LO11044,37283.61,False,2024-12-31
1000280,2000280,CL,Consumer Loan,39246910.14,19.7,48,1188033.53,Active,2023-03-16,2027-02-23,BR1032,Branch Walk-in,LO81638,643933.21,True,2024-12-31
1000281,2000281,PL,Personal Loan,418256.35,14.27,48,11486.2,Active,2024-01-28,2028-01-07,BR1045,DSA,LO53911,2100.45,False,2024-12-31
1000282,2000282,TL,Term Loan,5287056.07,16.24,48,150487.32,Active,2022-09-16,2026-08-26,BR1004,Digital - Web,LO46677,33812.84,True,2024-12-31
1000283,2000283,ML,Micro Loan,20711534.49,22.28,180,399097.97,Closed - Pre-Payment,2018-12-14,2033-09-26,BR1033,Digital - Web,LO93521,358298.02,True,2024-12-31
1000284,2000284,CL,Consumer Loan,28434254.34,14.68,36,981232.8,Active,2020-08-27,2023-08-12,BR1021,Co-lending Partner,LO52762,277827.28,False,2024-12-31
1000285,2000285,BL,Business Loan,3826903.05,10.84,24,178079.53,Active,2019-09-29,2021-09-18,BR1029,Aggregator,LO51160,42469.78,False,2024-12-31
1000286,2000286,BL,Business Loan,22650662.14,15.15,24,1099869.62,Active,2019-01-06,2020-12-26,BR1044,Telesales,LO89076,126955.76,False,2024-12-31
1000287,2000287,PL,Personal Loan,4651523.9,11.6,84,81120.42,Active,2022-06-12,2029-05-06,BR1044,Telesales,LO44100,80477.62,True,2024-12-31
1000288,2000288,HL,Home Loan,47609620.68,21.6,240,868983.22,Active,2024-03-03,2043-11-19,BR1030,Digital - Mobile App,LO28322,324783.25,True,2024-12-31
1000289,2000289,BL,Business Loan,6622690.35,21.09,84,151442.04,Closed - Pre-Payment,2018-12-11,2025-11-04,BR1017,Digital - Mobile App,LO12857,132171.82,True,2024-12-31
1000290,2000290,EL,Education Loan,40484003.4,9.02,84,651761.29,Active,2019-05-17,2026-04-10,BR1030,DSA,LO32018,763608.3,False,2024-12-31
1000291,2000291,VL,Vehicle Loan,24856706.92,13.82,120,383255.6,Active,2019-12-09,2029-10-17,BR1012,Telesales,LO46681,290579.17,True,2024-12-31
1000292,2000292,HL,Home Loan,30743918.23,17.68,60,775351.46,Active,2023-08-06,2028-07-10,BR1036,Aggregator,LO17992,194173.15,False,2024-12-31
1000293,2000293,PL,Personal Loan,21019817.58,18.1,240,326019.83,Closed - Matured,2020-10-17,2040-07-04,BR1035,DSA,LO60134,351634.99,False,2024-12-31
1000294,2000294,EL,Education Loan,27271438.52,15.5,240,369222.74,Active,2021-08-10,2041-04-27,BR1012,DSA,LO51795,380620.52,True,2024-12-31
1000295,2000295,TL,Term Loan,3023702.39,23.86,240,60659.28,Written-Off,2022-01-04,2041-09-21,BR1015,Digital - Web,LO23124,26360.2,True,2024-12-31
1000296,2000296,TL,Term Loan,26731109.27,20.56,12,2483393.05,Closed - Pre-Payment,2020-06-17,2021-06-12,BR1025,DST,LO32768,204265.92,False,2024-12-31
1000297,2000297,GL,Gold Loan,45707602.21,7.97,84,711725.52,Closed - Pre-Payment,2024-05-14,2031-04-08,BR1037,Branch Walk-in,LO74517,600226.25,True,2024-12-31
1000298,2000298,EL,Education Loan,1994390.69,8.43,48,49092.46,Active,2018-03-23,2022-03-02,BR1001,DST,LO90495,15998.93,True,2024-12-31
1000299,2000299,GL,Gold Loan,35875187.87,22.66,84,855089.89,Active,2018-09-01,2025-07-26,BR1038,Digital - Web,LO24538,634890.85,False,2024-12-31
1000300,2000300,LAP,Loan Against Property,18742179.93,23.04,120,400751.98,Active,2019-02-18,2028-12-27,BR1021,Digital - Web,LO30644,299599.0,False,2024-12-31
1000301,2000301,EL,Education Loan,32494095.26,10.37,240,321581.95,Active,2022-01-01,2041-09-18,BR1038,Digital - Web,LO59595,312019.62,False,2024-12-31
1000302,2000302,PL,Personal Loan,8967643.6,7.53,120,106587.98,Active,2024-05-13,2034-03-22,BR1039,DST,LO90134,74551.87,True,2024-12-31
1000303,2000303,EL,Education Loan,7118104.07,19.8,48,215848.71,Settled,2021-11-21,2025-10-31,BR1011,Digital - Mobile App,LO97821,103828.51,False,2024-12-31
1000304,2000304,EL,Education Loan,668641.45,10.96,24,31151.52,Active,2021-12-06,2023-11-26,BR1007,DSA,LO16310,7214.01,False,2024-12-31
1000305,2000305,PL,Personal Loan,44239144.68,15.64,120,731169.35,Active,2021-12-09,2031-10-18,BR1007,Aggregator,LO85766,653170.77,True,2024-12-31
1000306,2000306,PL,Personal Loan,22619242.22,20.69,12,2102799.15,Active,2021-04-22,2022-04-17,BR1017,Digital - Mobile App,LO19725,229067.85,False,2024-12-31
1000307,2000307,PL,Personal Loan,36626055.76,16.53,24,1802614.59,Closed - Pre-Payment,2021-10-16,2023-10-06,BR1040,Aggregator,LO14062,420095.37,True,2024-12-31
1000308,2000308,CL,Consumer Loan,44498688.19,10.09,24,2055237.63,Active,2021-09-18,2023-09-08,BR1013,Co-lending Partner,LO82628,704439.67,False,2024-12-31
1000309,2000309,TL,Term Loan,14940292.32,9.08,120,189904.77,Active,2024-05-30,2034-04-08,BR1032,Digital - Web,LO17144,155564.81,False,2024-12-31
1000310,2000310,LAP,Loan Against Property,14798017.5,18.42,180,242795.5,Active,2020-03-28,2035-01-09,BR1014,Digital - Web,LO93648,138763.56,True,2024-12-31
1000311,2000311,EL,Education Loan,42204076.81,12.59,120,619987.33,Active,2023-04-13,2033-02-19,BR1043,Telesales,LO21945,617361.06,False,2024-12-31
1000312,2000312,PL,Personal Loan,18613924.19,13.79,36,634282.93,Active,2022-12-31,2025-12-15,BR1029,Aggregator,LO44524,156238.47,False,2024-12-31
1000313,2000313,CL,Consumer Loan,3175804.55,19.91,24,161495.53,Closed - Matured,2018-12-18,2020-12-07,BR1035,Co-lending Partner,LO87296,26717.06,True,2024-12-31
1000314,2000314,VL,Vehicle Loan,40938420.22,14.41,240,521313.21,Closed - Pre-Payment,2023-04-29,2043-01-14,BR1016,Aggregator,LO49171,253176.53,True,2024-12-31
1000315,2000315,ML,Micro Loan,28603874.77,16.03,36,1006051.08,Restructured,2019-05-08,2022-04-22,BR1029,Digital - Web,LO31910,560134.61,True,2024-12-31
1000316,2000316,PL,Personal Loan,2229527.44,8.79,120,27989.95,Settled,2020-04-07,2030-02-14,BR1041,Digital - Web,LO87994,19772.11,True,2024-12-31
1000317,2000317,LAP,Loan Against Property,19466147.74,14.06,84,365441.34,Active,2021-02-05,2027-12-31,BR1001,Referral,LO64997,130185.36,True,2024-12-31
1000318,2000318,PL,Personal Loan,28373036.96,17.11,24,1404327.29,Closed - Pre-Payment,2019-03-09,2021-02-26,BR1007,Telesales,LO80206,516447.06,False,2024-12-31
1000319,2000319,TL,Term Loan,19213869.3,15.51,180,275657.84,Active,2018-06-03,2033-03-16,BR1026,Digital - Web,LO91034,271488.69,False,2024-12-31
1000320,2000320,HL,Home Loan,19850057.94,22.0,48,625397.47,Closed - Matured,2018-07-21,2022-06-30,BR1018,DST,LO12651,199850.21,False,2024-12-31
1000321,2000321,TL,Term Loan,14089297.99,15.61,24,687233.26,Active,2020-07-22,2022-07-12,BR1048,Aggregator,LO52056,127385.57,False,2024-12-31
1000322,2000322,CL,Consumer Loan,32313185.09,10.6,48,828888.15,Closed - Matured,2022-07-26,2026-07-05,BR1049,Referral,LO59009,559511.23,True,2024-12-31
1000323,2000323,LAP,Loan Against Property,15625042.36,15.86,36,548250.77,NPA - Loss,2023-11-18,2026-11-02,BR1002,Digital - Web,LO35265,283246.21,True,2024-12-31
1000324,2000324,HL,Home Loan,12549564.04,15.03,84,242377.13,Active,2020-03-26,2027-02-18,BR1030,Referral,LO62028,182359.56,True,2024-12-31
1000325,2000325,HL,Home Loan,12172710.92,15.56,180,175060.57,Settled,2019-12-29,2034-10-11,BR1031,Referral,LO55843,123720.21,False,2024-12-31
1000326,2000326,LAP,Loan Against Property,14324961.88,13.88,36,488758.76,Written-Off,2024-06-01,2027-05-17,BR1014,Branch Walk-in,LO94853,119995.63,True,2024-12-31
1000327,2000327,TL,Term Loan,32614207.91,15.97,12,2958652.07,Restructured,2023-04-26,2024-04-20,BR1042,Digital - Web,LO88792,554864.61,True,2024-12-31
1000328,2000328,TL,Term Loan,30456359.76,23.06,60,859629.36,Restructured,2022-10-02,2027-09-06,BR1023,Aggregator,LO43029,251969.6,False,2024-12-31
1000329,2000329,ML,Micro Loan,41233109.99,14.05,24,1980694.59,Active,2018-01-31,2020-01-21,BR1043,DST,LO83591,606544.48,False,2024-12-31
1000330,2000330,TL,Term Loan,34252215.48,15.45,84,669633.95,Closed - Matured,2021-02-06,2028-01-01,BR1018,Telesales,LO95998,536609.14,False,2024-12-31
1000331,2000331,BL,Business Loan,7581471.89,20.13,12,702777.69,Closed - Matured,2022-07-14,2023-07-09,BR1044,Digital - Web,LO13336,112440.87,False,2024-12-31
1000332,2000332,TL,Term Loan,45354886.97,14.18,12,4076126.82,NPA - Sub-Standard,2024-06-01,2025-05-27,BR1022,Branch Walk-in,LO99957,590499.15,False,2024-12-31
1000333,2000333,GL,Gold Loan,25415011.29,21.45,240,460853.2,Active,2020-01-12,2039-09-29,BR1031,Digital - Web,LO43902,403534.45,True,2024-12-31
1000334,2000334,GL,Gold Loan,32756288.75,11.17,48,849310.21,Active,2021-06-11,2025-05-21,BR1022,DST,LO44152,451498.29,False,2024-12-31
1000335,2000335,LAP,Loan Against Property,23579774.73,21.8,24,1220947.57,NPA - Loss,2023-04-19,2025-04-08,BR1033,Digital - Mobile App,LO99220,252893.99,False,2024-12-31
1000336,2000336,VL,Vehicle Loan,2797692.34,21.59,36,106252.65,Active,2020-03-31,2023-03-16,BR1037,Aggregator,LO28772,27265.62,True,2024-12-31
1000337,2000337,LAP,Loan Against Property,24430284.2,17.91,36,882110.7,Closed - Matured,2021-07-07,2024-06-21,BR1001,Aggregator,LO45851,198880.48,True,2024-12-31
1000338,2000338,CL,Consumer Loan,38247738.43,15.58,24,1865061.78,Closed - Pre-Payment,2019-06-15,2021-06-04,BR1041,Co-lending Partner,LO62873,437377.49,False,2024-12-31
1000339,2000339,VL,Vehicle Loan,332989.97,16.31,84,6672.8,Restructured,2018-02-27,2025-01-21,BR1049,Referral,LO34979,1754.44,True,2024-12-31
1000340,2000340,BL,Business Loan,11390658.99,21.97,60,314403.35,Active,2019-06-13,2024-05-17,BR1033,Telesales,LO31891,68108.23,True,2024-12-31
1000341,2000341,TL,Term Loan,47428322.42,15.02,240,625232.2,Active,2023-11-17,2043-08-04,BR1044,Digital - Web,LO54922,945819.58,False,2024-12-31
1000342,2000342,GL,Gold Loan,37530767.55,10.22,120,500555.36,Active,2018-03-20,2028-01-27,BR1047,Digital - Web,LO37681,600910.72,True,2024-12-31
1000343,2000343,LAP,Loan Against Property,18392913.42,18.23,12,1688276.12,NPA - Loss,2022-03-17,2023-03-12,BR1017,Referral,LO91675,105369.4,True,2024-12-31
1000344,2000344,LAP,Loan Against Property,32713024.16,7.83,24,1476986.4,Active,2022-09-04,2024-08-24,BR1008,Referral,LO43126,396349.2,True,2024-12-31
1000345,2000345,BL,Business Loan,34790082.26,17.9,60,881547.95,Closed - Matured,2022-09-20,2027-08-25,BR1043,Referral,LO45386,498958.2,True,2024-12-31
1000346,2000346,VL,Vehicle Loan,41549570.75,9.23,24,1902569.09,Active,2021-03-03,2023-02-21,BR1007,Aggregator,LO36037,587304.31,False,2024-12-31
1000347,2000347,ML,Micro Loan,48658674.14,13.41,120,738340.54,Active,2021-04-24,2031-03-03,BR1036,Aggregator,LO37222,745599.72,False,2024-12-31
1000348,2000348,GL,Gold Loan,11801812.77,7.71,24,532204.43,NPA - Sub-Standard,2019-03-29,2021-03-18,BR1043,Aggregator,LO29548,227086.83,True,2024-12-31
1000349,2000349,LAP,Loan Against Property,45248491.26,18.13,180,732927.39,Active,2021-04-27,2036-02-08,BR1004,Digital - Mobile App,LO32898,819545.5,False,2024-12-31
1000350,2000350,GL,Gold Loan,40099645.52,12.66,24,1900012.59,NPA - Doubtful,2019-01-25,2021-01-14,BR1003,DSA,LO28139,599502.75,True,2024-12-31
1000351,2000351,GL,Gold Loan,17940617.47,14.72,60,424173.74,Active,2019-01-16,2023-12-21,BR1022,Digital - Web,LO24920,197556.03,False,2024-12-31
1000352,2000352,TL,Term Loan,41801846.43,18.88,180,699816.85,Closed - Matured,2022-09-24,2037-07-07,BR1011,Digital - Mobile App,LO27368,645527.02,True,2024-12-31
1000353,2000353,PL,Personal Loan,5275283.98,22.54,180,102691.59,Closed - Matured,2024-05-19,2039-03-02,BR1012,Co-lending Partner,LO57002,74752.76,True,2024-12-31
1000354,2000354,EL,Education Loan,46027859.48,9.36,120,592066.85,Active,2022-12-11,2032-10-19,BR1017,DST,LO11620,716585.77,True,2024-12-31
1000355,2000355,GL,Gold Loan,26003073.98,18.86,24,1309010.97,Closed - Matured,2022-11-08,2024-10-28,BR1016,Aggregator,LO55318,388893.12,False,2024-12-31
1000356,2000356,PL,Personal Loan,41967747.76,16.71,12,3821884.61,Closed - Matured,2018-02-17,2019-02-12,BR1011,Referral,LO71510,746105.44,True,2024-12-31
1000357,2000357,LAP,Loan Against Property,37596357.05,12.79,84,679666.55,Active,2021-02-13,2028-01-08,BR1015,Referral,LO94320,401512.7,True,2024-12-31
1000358,2000358,LAP,Loan Against Property,23008820.28,20.72,180,416394.66,NPA - Doubtful,2018-12-27,2033-10-09,BR1029,DST,LO25559,453505.25,True,2024-12-31
1000359,2000359,LAP,Loan Against Property,20231638.98,8.09,240,170360.5,NPA - Sub-Standard,2018-01-01,2037-09-18,BR1039,Telesales,LO76628,271811.84,False,2024-12-31
1000360,2000360,GL,Gold Loan,18230789.63,8.4,48,448497.81,Active,2023-02-05,2027-01-15,BR1050,Aggregator,LO96136,190501.15,False,2024-12-31
1000361,2000361,LAP,Loan Against Property,4962107.41,18.37,12,455800.2,Active,2021-10-30,2022-10-25,BR1041,Telesales,LO81786,63662.73,True,2024-12-31
1000362,2000362,HL,Home Loan,44854168.22,15.62,120,740778.74,Active,2019-03-15,2029-01-21,BR1013,Branch Walk-in,LO25826,850131.99,False,2024-12-31
1000363,2000363,BL,Business Loan,22906595.81,20.39,84,514061.23,Written-Off,2019-03-18,2026-02-09,BR1003,Digital - Mobile App,LO69048,271690.97,True,2024-12-31
1000364,2000364,EL,Education Loan,316447.62,19.65,240,5289.09,NPA - Sub-Standard,2022-11-08,2042-07-26,BR1031,Referral,LO33226,4866.1,True,2024-12-31
1000365,2000365,PL,Personal Loan,5267342.66,18.35,84,111791.35,NPA - Loss,2023-08-27,2030-07-21,BR1027,Branch Walk-in,LO45860,57772.48,False,2024-12-31
1000366,2000366,TL,Term Loan,22697000.73,9.7,120,296184.69,Active,2023-09-30,2033-08-08,BR1045,Referral,LO51144,355846.2,True,2024-12-31
1000367,2000367,BL,Business Loan,10564663.54,19.29,84,230105.5,Settled,2019-06-28,2026-05-22,BR1042,Digital - Web,LO76046,138791.92,False,2024-12-31
1000368,2000368,LAP,Loan Against Property,38062673.74,16.78,120,656223.71,Active,2023-12-27,2033-11-04,BR1028,DSA,LO78515,251101.63,False,2024-12-31
1000369,2000369,PL,Personal Loan,2747943.48,8.43,60,56285.61,Settled,2019-10-22,2024-09-25,BR1044,Telesales,LO29192,48338.32,False,2024-12-31
1000370,2000370,BL,Business Loan,37704338.01,8.03,180,360975.6,Closed - Pre-Payment,2019-02-24,2033-12-07,BR1044,Referral,LO39400,608404.4,False,2024-12-31
1000371,2000371,BL,Business Loan,25595022.95,20.65,60,687401.65,Restructured,2018-07-12,2023-06-16,BR1025,Co-lending Partner,LO99803,248010.9,True,2024-12-31
1000372,2000372,HL,Home Loan,37209131.32,10.85,180,419419.71,Restructured,2020-07-12,2035-04-25,BR1046,DST,LO87120,491131.77,True,2024-12-31
1000373,2000373,BL,Business Loan,14779468.32,10.43,24,684934.43,Settled,2020-02-05,2022-01-25,BR1048,Referral,LO25643,157519.18,False,2024-12-31
1000374,2000374,TL,Term Loan,27874271.17,9.65,60,587456.97,Active,2018-01-24,2022-12-29,BR1046,Digital - Web,LO15235,203636.9,False,2024-12-31
1000375,2000375,CL,Consumer Loan,2637686.52,22.88,60,74175.88,Written-Off,2023-07-03,2028-06-06,BR1036,DST,LO19552,44208.87,False,2024-12-31
1000376,2000376,ML,Micro Loan,11076104.57,10.53,24,513819.72,Active,2023-09-01,2025-08-21,BR1035,Referral,LO62876,70656.5,True,2024-12-31
1000377,2000377,BL,Business Loan,33200390.37,12.96,60,754731.26,Settled,2020-06-13,2025-05-18,BR1040,Referral,LO72240,662330.07,True,2024-12-31
1000378,2000378,LAP,Loan Against Property,33480029.55,14.85,48,929230.57,Closed - Matured,2018-06-13,2022-05-23,BR1021,Co-lending Partner,LO24860,361187.21,False,2024-12-31
1000379,2000379,HL,Home Loan,45575662.74,21.06,84,1041350.76,NPA - Sub-Standard,2023-10-08,2030-09-01,BR1029,Aggregator,LO15747,430530.93,True,2024-12-31
1000380,2000380,GL,Gold Loan,25743345.54,23.15,36,998531.48,Active,2024-01-13,2026-12-28,BR1041,Digital - Mobile App,LO37627,387566.76,True,2024-12-31
1000381,2000381,VL,Vehicle Loan,41799687.38,10.89,120,573191.11,Closed - Matured,2018-10-23,2028-08-31,BR1010,DSA,LO70191,658471.49,True,2024-12-31
1000382,2000382,LAP,Loan Against Property,3755076.66,10.44,60,80599.68,Active,2024-04-04,2029-03-09,BR1015,Telesales,LO63429,40631.77,False,2024-12-31
1000383,2000383,VL,Vehicle Loan,15888571.87,13.93,24,762330.83,Active,2023-12-31,2025-12-20,BR1047,Digital - Mobile App,LO86756,90290.83,True,2024-12-31
1000384,2000384,GL,Gold Loan,46409582.73,9.25,60,969027.37,Active,2018-12-21,2023-11-25,BR1029,Co-lending Partner,LO61788,804363.26,True,2024-12-31
1000385,2000385,EL,Education Loan,7900541.36,11.13,120,109412.16,Active,2024-02-14,2033-12-23,BR1041,Digital - Web,LO49066,119766.96,False,2024-12-31
1000386,2000386,HL,Home Loan,27720856.97,16.66,24,1366057.51,Active,2018-06-21,2020-06-10,BR1039,Co-lending Partner,LO80405,366272.41,True,2024-12-31
1000387,2000387,TL,Term Loan,10581639.25,19.73,84,233260.71,Active,2020-05-17,2027-04-11,BR1042,Referral,LO28671,78455.61,True,2024-12-31
1000388,2000388,CL,Consumer Loan,41753943.51,10.71,36,1361243.47,NPA - Doubtful,2024-05-12,2027-04-27,BR1049,Referral,LO70458,612535.27,True,2024-12-31
1000389,2000389,TL,Term Loan,33617093.93,11.64,48,879336.63,Settled,2023-06-19,2027-05-29,BR1023,Digital - Web,LO97988,498611.92,True,2024-12-31
1000390,2000390,TL,Term Loan,31013837.28,22.35,84,733245.66,Active,2023-06-14,2030-05-08,BR1040,Telesales,LO86568,225964.47,False,2024-12-31
1000391,2000391,GL,Gold Loan,47937080.2,10.28,84,802764.75,Written-Off,2020-10-05,2027-08-30,BR1046,Co-lending Partner,LO46264,843771.75,True,2024-12-31
1000392,2000392,GL,Gold Loan,43906502.89,15.14,84,850705.41,Active,2021-06-05,2028-04-29,BR1007,Digital - Web,LO94613,619056.01,False,2024-12-31
1000393,2000393,PL,Personal Loan,44575722.24,10.74,24,2072201.36,Restructured,2018-11-05,2020-10-25,BR1033,DSA,LO86269,609952.42,True,2024-12-31
1000394,2000394,HL,Home Loan,27624540.53,16.47,240,394101.26,Closed - Matured,2023-04-18,2043-01-03,BR1010,DST,LO61445,230653.86,False,2024-12-31
1000395,2000395,PL,Personal Loan,23288586.99,15.92,120,388954.13,Active,2022-01-30,2031-12-09,BR1043,Branch Walk-in,LO90482,355440.31,True,2024-12-31
1000396,2000396,EL,Education Loan,8045198.65,16.84,36,286193.05,Restructured,2023-06-04,2026-05-19,BR1003,Branch Walk-in,LO73916,68193.1,False,2024-12-31
1000397,2000397,GL,Gold Loan,11777531.58,18.53,240,186581.81,Active,2022-01-19,2041-10-06,BR1030,DSA,LO15230,232121.56,False,2024-12-31
1000398,2000398,LAP,Loan Against Property,35216439.02,16.1,60,858267.66,Closed - Pre-Payment,2020-12-14,2025-11-18,BR1037,Digital - Web,LO59369,521383.95,False,2024-12-31
1000399,2000399,CL,Consumer Loan,32701493.67,21.29,240,588828.19,Active,2020-10-27,2040-07-14,BR1015,Referral,LO63194,336611.85,False,2024-12-31
1000400,2000000,EL,Education Loan,39653606.93,22.14,12,3714027.06,NPA - Loss,2023-08-18,2024-08-12,BR1029,Digital - Web,LO40145,244120.43,False,2024-12-31
1000401,2000001,BL,Business Loan,7596996.35,10.1,24,350913.58,Active,2020-08-01,2022-07-22,BR1022,Digital - Mobile App,LO73113,114930.71,False,2024-12-31
1000402,2000002,BL,Business Loan,29580465.85,18.18,120,536428.84,Active,2018-04-02,2028-02-09,BR1009,Digital - Web,LO27658,427233.81,True,2024-12-31
1000403,2000003,CL,Consumer Loan,7428568.49,10.24,36,240536.92,Settled,2023-10-18,2026-10-02,BR1039,DSA,LO96736,128659.46,True,2024-12-31
1000404,2000004,BL,Business Loan,22515247.74,23.88,180,461347.62,Active,2019-11-30,2034-09-12,BR1027,Digital - Web,LO86368,389666.84,True,2024-12-31
1000405,2000005,CL,Consumer Loan,33016472.63,11.86,84,580361.93,Closed - Pre-Payment,2023-02-01,2029-12-26,BR1005,Branch Walk-in,LO59572,355981.24,True,2024-12-31
1000406,2000006,HL,Home Loan,10197192.6,21.68,240,186770.34,NPA - Sub-Standard,2022-09-16,2042-06-03,BR1039,Digital - Mobile App,LO33255,123773.91,True,2024-12-31
1000407,2000007,ML,Micro Loan,25216127.49,9.44,180,262400.85,Restructured,2019-06-18,2034-03-31,BR1035,DSA,LO98940,371647.29,False,2024-12-31
1000408,2000008,GL,Gold Loan,43753732.61,19.01,120,817047.22,Restructured,2020-07-28,2030-06-06,BR1031,Co-lending Partner,LO55943,605364.45,True,2024-12-31
1000409,2000009,VL,Vehicle Loan,6780766.97,15.37,48,189988.03,Active,2018-12-10,2022-11-19,BR1035,Co-lending Partner,LO43791,53129.45,True,2024-12-31
1000410,2000010,CL,Consumer Loan,26174777.43,16.08,120,439767.71,Closed - Matured,2020-04-21,2030-02-28,BR1021,Co-lending Partner,LO57483,172720.77,False,2024-12-31
1000411,2000011,CL,Consumer Loan,12756273.04,21.61,120,260289.28,Active,2024-05-01,2034-03-10,BR1018,Co-lending Partner,LO36698,142850.13,False,2024-12-31
1000412,2000012,PL,Personal Loan,18573627.15,16.66,60,458213.72,Closed - Pre-Payment,2021-06-10,2026-05-15,BR1050,Co-lending Partner,LO28096,331074.6,True,2024-12-31
1000413,2000013,BL,Business Loan,22385084.38,19.04,36,821000.88,Active,2019-02-15,2022-01-30,BR1026,DST,LO82165,318100.57,True,2024-12-31
1000414,2000014,PL,Personal Loan,19516273.66,17.99,24,974238.14,Active,2019-08-19,2021-08-08,BR1039,Co-lending Partner,LO21552,116340.54,True,2024-12-31
1000415,2000015,GL,Gold Loan,4093982.86,8.12,120,49931.28,Closed - Pre-Payment,2022-06-30,2032-05-08,BR1034,Telesales,LO88311,23998.7,True,2024-12-31
1000416,2000016,EL,Education Loan,22004705.22,10.83,240,224589.72,Active,2021-03-17,2040-12-02,BR1039,Referral,LO77608,340561.23,True,2024-12-31
1000417,2000017,HL,Home Loan,18051025.91,18.31,36,655398.4,Settled,2018-12-22,2021-12-06,BR1050,Co-lending Partner,LO56285,271576.43,False,2024-12-31
1000418,2000018,CL,Consumer Loan,10095488.12,7.75,24,455441.35,Active,2019-01-05,2020-12-25,BR1047,Referral,LO86406,103190.31,False,2024-12-31
1000419,2000019,BL,Business Loan,30357534.06,10.71,120,413207.25,Active,2024-06-12,2034-04-21,BR1012,Co-lending Partner,LO76353,200267.87,True,2024-12-31
1000420,2000020,ML,Micro Loan,14783166.04,23.13,240,287891.98,NPA - Loss,2020-11-21,2040-08-08,BR1037,Telesales,LO68034,288136.2,False,2024-12-31
1000421,2000021,BL,Business Loan,37897916.92,23.36,180,761431.78,Restructured,2023-03-03,2037-12-14,BR1002,Aggregator,LO25239,336052.07,False,2024-12-31
1000422,2000022,BL,Business Loan,33877957.51,11.29,84,585251.74,Settled,2022-08-17,2029-07-11,BR1034,Referral,LO11274,525524.3,False,2024-12-31
1000423,2000023,BL,Business Loan,14435750.19,14.08,84,271164.49,Closed - Pre-Payment,2018-11-08,2025-10-02,BR1012,Aggregator,LO51139,148732.53,False,2024-12-31
1000424,2000024,PL,Personal Loan,47361193.64,18.77,48,1410363.57,Closed - Matured,2023-08-06,2027-07-16,BR1016,Branch Walk-in,LO44787,383705.21,True,2024-12-31
1000425,2000025,BL,Business Loan,41833102.03,13.37,24,1996099.91,Restructured,2019-05-07,2021-04-26,BR1044,Aggregator,LO90455,213321.84,True,2024-12-31
1000426,2000026,EL,Education Loan,18622707.12,12.7,60,420869.37,Active,2023-07-04,2028-06-07,BR1049,Referral,LO46735,204257.44,True,2024-12-31
1000427,2000027,HL,Home Loan,26334198.65,14.48,240,336691.3,Active,2018-05-14,2038-01-29,BR1026,Digital - Web,LO69925,517404.01,False,2024-12-31
1000428,2000028,GL,Gold Loan,34491606.4,7.7,48,837192.23,Closed - Pre-Payment,2022-04-04,2026-03-14,BR1021,DST,LO90318,618352.77,True,2024-12-31
1000429,2000029,ML,Micro Loan,13216166.83,11.95,84,232948.22,Active,2022-02-07,2029-01-01,BR1028,Branch Walk-in,LO64931,204991.86,False,2024-12-31
1000430,2000030,GL,Gold Loan,42730871.75,12.11,36,1421522.46,Active,2024-05-29,2027-05-14,BR1037,Branch Walk-in,LO23090,675670.45,True,2024-12-31
1000431,2000031,ML,Micro Loan,21667715.71,13.78,36,738238.04,Active,2019-09-05,2022-08-20,BR1001,Digital - Web,LO65249,270715.73,False,2024-12-31
1000432,2000032,EL,Education Loan,15071705.69,16.78,12,1373038.11,Active,2022-06-20,2023-06-15,BR1011,DSA,LO38241,259342.92,False,2024-12-31
1000433,2000033,LAP,Loan Against Property,22547755.47,13.02,84,410433.15,Closed - Pre-Payment,2022-01-15,2028-12-09,BR1017,DST,LO12599,252003.04,False,2024-12-31
1000434,2000034,CL,Consumer Loan,10028009.72,17.0,240,147090.9,Settled,2019-12-16,2039-09-02,BR1019,DST,LO52610,151401.81,False,2024-12-31
1000435,2000035,EL,Education Loan,44492659.21,13.79,60,1030428.74,Closed - Matured,2023-03-15,2028-02-17,BR1010,Digital - Web,LO93962,761525.55,False,2024-12-31
1000436,2000036,VL,Vehicle Loan,31600543.08,16.93,24,1561339.73,Active,2018-11-21,2020-11-10,BR1015,DST,LO51533,467536.24,False,2024-12-31
1000437,2000037,CL,Consumer Loan,32267750.23,11.98,180,386852.14,Closed - Matured,2022-01-27,2036-11-09,BR1034,Aggregator,LO64262,242323.43,True,2024-12-31
1000438,2000038,PL,Personal Loan,36415843.58,18.42,24,1825426.92,Active,2020-05-12,2022-05-02,BR1007,Digital - Mobile App,LO18361,693791.19,False,2024-12-31
1000439,2000039,ML,Micro Loan,2785889.37,20.22,240,47808.91,Active,2018-12-07,2038-08-24,BR1040,Digital - Web,LO21050,41293.82,False,2024-12-31
1000440,2000040,TL,Term Loan,11544862.18,19.67,180,199953.02,Active,2019-06-02,2034-03-15,BR1011,DSA,LO14607,172633.06,False,2024-12-31
1000441,2000041,EL,Education Loan,23412954.49,21.87,60,644910.98,Active,2024-02-25,2029-01-29,BR1045,Referral,LO33204,324561.24,False,2024-12-31
1000442,2000042,CL,Consumer Loan,21805370.83,18.06,240,337532.01,Restructured,2021-06-22,2041-03-09,BR1031,Referral,LO39770,372231.12,False,2024-12-31
1000443,2000043,TL,Term Loan,18352587.77,11.79,60,406298.28,Active,2018-02-13,2023-01-18,BR1049,Digital - Web,LO55073,170705.38,True,2024-12-31
1000444,2000044,EL,Education Loan,47353179.84,15.37,12,4282289.96,Written-Off,2022-10-30,2023-10-25,BR1039,Branch Walk-in,LO10946,626159.76,True,2024-12-31
1000445,2000045,VL,Vehicle Loan,44119887.22,14.71,48,1221413.48,Closed - Matured,2019-10-31,2023-10-10,BR1042,Co-lending Partner,LO59592,366587.13,True,2024-12-31
1000446,2000046,VL,Vehicle Loan,31303618.41,16.02,60,761575.87,Closed - Matured,2021-03-12,2026-02-14,BR1035,Telesales,LO64120,244794.59,True,2024-12-31
1000447,2000047,PL,Personal Loan,6917539.24,9.32,180,71485.2,Active,2023-01-29,2037-11-11,BR1040,Aggregator,LO34613,67858.68,True,2024-12-31
1000448,2000048,HL,Home Loan,48488839.26,7.87,24,2190145.05,Active,2021-03-01,2023-02-19,BR1046,Aggregator,LO11075,411774.86,True,2024-12-31
1000449,2000049,HL,Home Loan,24729619.7,13.14,60,564448.74,Settled,2023-08-04,2028-07-08,BR1030,DSA,LO53286,153406.4,True,2024-12-31
1000450,2000050,HL,Home Loan,13398528.55,13.97,240,166321.64,Active,2023-04-10,2042-12-26,BR1017,Co-lending Partner,LO11653,91504.22,True,2024-12-31
1000451,2000051,VL,Vehicle Loan,38584144.12,14.81,12,3479081.4,Active,2020-03-26,2021-03-21,BR1050,Digital - Mobile App,LO78306,578380.88,True,2024-12-31
1000452,2000052,EL,Education Loan,19517235.73,23.36,84,473735.14,Closed - Pre-Payment,2019-10-12,2026-09-05,BR1003,Referral,LO78278,133344.15,False,2024-12-31
1000453,2000053,TL,Term Loan,10016309.23,22.14,48,316336.4,Active,2019-04-08,2023-03-18,BR1028,DST,LO11974,75226.54,False,2024-12-31
1000454,2000054,CL,Consumer Loan,6070514.64,20.52,12,563851.0,Closed - Pre-Payment,2018-06-22,2019-06-17,BR1045,Aggregator,LO88146,44465.79,True,2024-12-31
1000455,2000055,BL,Business Loan,7969152.96,9.01,84,128256.77,Active,2018-09-03,2025-07-28,BR1042,Digital - Web,LO80300,134455.5,True,2024-12-31
1000456,2000056,EL,Education Loan,11710464.08,23.7,84,286747.83,Closed - Matured,2022-12-02,2029-10-26,BR1002,Co-lending Partner,LO56945,185798.08,False,2024-12-31
1000457,2000057,HL,Home Loan,24316576.44,14.72,60,574921.87,Closed - Matured,2024-02-02,2029-01-06,BR1013,Digital - Web,LO81253,248393.1,False,2024-12-31
1000458,2000058,TL,Term Loan,43396325.81,17.38,240,649107.79,Active,2019-10-19,2039-07-06,BR1010,Aggregator,LO48754,750377.95,False,2024-12-31
1000459,2000059,EL,Education Loan,135919.45,18.03,120,2451.69,NPA - Loss,2020-01-30,2029-12-08,BR1040,DST,LO91290,1166.43,True,2024-12-31
1000460,2000060,ML,Micro Loan,40970581.72,10.63,180,456195.91,Active,2024-03-08,2038-12-20,BR1019,DST,LO63713,598726.01,True,2024-12-31
1000461,2000061,LAP,Loan Against Property,26207706.91,8.6,36,828527.69,NPA - Loss,2020-01-02,2022-12-17,BR1013,Digital - Mobile App,LO73618,206366.03,True,2024-12-31
1000462,2000062,CL,Consumer Loan,32123408.24,13.91,180,425860.07,Closed - Pre-Payment,2023-11-24,2038-09-06,BR1038,Telesales,LO16433,337145.14,True,2024-12-31
1000463,2000063,HL,Home Loan,46517530.74,10.94,180,526965.54,Active,2018-11-24,2033-09-06,BR1041,DSA,LO57307,621953.26,False,2024-12-31
1000464,2000064,GL,Gold Loan,39733053.9,8.46,60,814418.67,Active,2023-12-07,2028-11-10,BR1005,Telesales,LO20215,761644.99,True,2024-12-31
1000465,2000065,LAP,Loan Against Property,36286079.45,16.27,48,1033382.27,Active,2020-03-02,2024-02-10,BR1016,Digital - Web,LO83193,589210.29,False,2024-12-31
1000466,2000066,LAP,Loan Against Property,38337542.66,17.01,180,590288.16,NPA - Loss,2022-10-16,2037-07-29,BR1011,Digital - Web,LO82085,422608.44,False,2024-12-31
1000467,2000067,PL,Personal Loan,26741633.8,17.4,84,552686.22,Closed - Pre-Payment,2021-07-14,2028-06-07,BR1021,DST,LO64046,440241.25,False,2024-12-31
1000468,2000068,GL,Gold Loan,30459827.18,16.79,48,875613.73,Written-Off,2022-03-17,2026-02-24,BR1048,Telesales,LO57187,591675.34,False,2024-12-31
1000469,2000069,VL,Vehicle Loan,109761.83,8.07,60,2229.25,Active,2018-03-08,2023-02-10,BR1020,DSA,LO49365,2169.54,True,2024-12-31
1000470,2000070,GL,Gold Loan,1182898.44,21.06,60,32041.31,Active,2024-03-17,2029-02-19,BR1037,Digital - Web,LO22358,6584.07,False,2024-12-31
1000471,2000071,PL,Personal Loan,7006568.85,13.56,48,189921.96,Active,2020-08-12,2024-07-22,BR1020,Digital - Mobile App,LO84774,77051.05,True,2024-12-31
1000472,2000072,LAP,Loan Against Property,36206668.28,20.58,36,1356293.38,NPA - Sub-Standard,2023-06-23,2026-06-07,BR1045,Digital - Mobile App,LO88018,529841.84,True,2024-12-31
1000473,2000073,CL,Consumer Loan,19139150.91,20.37,84,429282.03,NPA - Loss,2021-11-26,2028-10-20,BR1028,Co-lending Partner,LO25799,345400.38,True,2024-12-31
1000474,2000074,CL,Consumer Loan,46439792.97,17.96,120,835580.8,Active,2018-08-10,2028-06-18,BR1003,DST,LO80769,625715.53,False,2024-12-31
1000475,2000075,ML,Micro Loan,34918655.76,10.03,120,462032.9,Written-Off,2022-12-31,2032-11-08,BR1037,Referral,LO21807,290917.25,False,2024-12-31
1000476,2000076,VL,Vehicle Loan,7485818.79,13.05,180,94960.15,Closed - Matured,2024-05-29,2039-03-12,BR1036,Co-lending Partner,LO44413,46982.38,False,2024-12-31
1000477,2000077,PL,Personal Loan,38125442.69,15.44,48,1069582.47,Active,2023-06-22,2027-06-01,BR1037,Branch Walk-in,LO83553,542904.5,True,2024-12-31
1000478,2000078,BL,Business Loan,3675034.62,20.32,84,82318.14,Active,2024-06-17,2031-05-12,BR1043,Co-lending Partner,LO65514,38510.74,True,2024-12-31
1000479,2000079,GL,Gold Loan,17291792.98,18.31,60,442019.17,Settled,2019-11-25,2024-10-29,BR1040,Aggregator,LO91681,124280.91,True,2024-12-31
1000480,2000080,BL,Business Loan,10064292.16,13.67,24,481648.18,Closed - Matured,2019-04-06,2021-03-26,BR1016,Digital - Web,LO47707,52394.7,True,2024-12-31
1000481,2000081,TL,Term Loan,22558072.37,7.88,48,549438.7,Active,2024-01-13,2027-12-23,BR1035,Referral,LO43902,298488.43,True,2024-12-31
1000482,2000082,HL,Home Loan,18892672.83,22.45,240,357633.27,Active,2018-06-28,2038-03-15,BR1004,Telesales,LO36305,318111.56,False,2024-12-31
1000483,2000083,HL,Home Loan,23301544.84,23.1,24,1221536.1,Closed - Matured,2022-05-11,2024-04-30,BR1043,DST,LO24141,123176.04,False,2024-12-31
1000484,2000084,BL,Business Loan,48991663.27,15.89,24,2396210.07,Active,2021-07-16,2023-07-06,BR1039,Referral,LO21537,381951.78,False,2024-12-31
1000485,2000085,ML,Micro Loan,46324863.65,7.85,48,1127666.39,Active,2023-12-09,2027-11-18,BR1032,Co-lending Partner,LO30578,244390.68,False,2024-12-31
1000486,2000086,GL,Gold Loan,31299025.42,11.4,240,331628.07,NPA - Sub-Standard,2021-02-03,2040-10-21,BR1041,Telesales,LO60747,574525.89,True,2024-12-31
1000487,2000087,ML,Micro Loan,47460909.28,11.22,84,818146.79,Closed - Matured,2022-05-29,2029-04-22,BR1006,Co-lending Partner,LO78251,921172.84,True,2024-12-31
1000488,2000088,VL,Vehicle Loan,12094004.33,10.02,60,257080.88,Active,2021-09-10,2026-08-15,BR1009,Branch Walk-in,LO95520,85609.2,True,2024-12-31
1000489,2000089,PL,Personal Loan,15519019.97,19.13,240,253084.43,Active,2019-07-08,2039-03-25,BR1050,Digital - Web,LO96013,294790.76,True,2024-12-31
1000490,2000090,GL,Gold Loan,3483920.66,16.29,24,171066.73,Active,2020-01-25,2022-01-14,BR1010,DSA,LO51771,63414.25,False,2024-12-31
1000491,2000091,VL,Vehicle Loan,15237070.44,19.8,60,401995.42,Written-Off,2019-09-15,2024-08-19,BR1007,Digital - Web,LO34215,82173.11,False,2024-12-31
1000492,2000092,CL,Consumer Loan,28395450.34,11.31,48,738177.39,Closed - Matured,2020-08-03,2024-07-13,BR1023,Digital - Mobile App,LO72469,199089.0,False,2024-12-31
1000493,2000093,GL,Gold Loan,9280426.24,13.89,180,122906.17,Active,2019-07-18,2034-04-30,BR1015,DSA,LO63554,152830.83,True,2024-12-31
1000494,2000094,TL,Term Loan,47514882.32,11.17,48,1231973.35,Active,2020-04-17,2024-03-27,BR1029,Aggregator,LO52584,855345.03,True,2024-12-31
1000495,2000095,VL,Vehicle Loan,20302851.74,8.19,120,248372.67,Active,2021-07-05,2031-05-14,BR1048,Referral,LO78843,296846.11,True,2024-12-31
1000496,2000096,ML,Micro Loan,5554883.01,15.04,12,501479.22,Active,2020-10-03,2021-09-28,BR1026,DSA,LO83098,60053.66,True,2024-12-31
1000497,2000097,BL,Business Loan,14629850.18,14.07,60,340942.18,Active,2021-03-17,2026-02-19,BR1028,Telesales,LO90364,274828.94,True,2024-12-31
1000498,2000098,EL,Education Loan,41511685.87,14.95,240,545088.57,Active,2019-04-09,2038-12-25,BR1038,Referral,LO27734,452311.36,False,2024-12-31
1000499,2000099,EL,Education Loan,1343114.43,14.99,48,37373.07,Active,2023-02-06,2027-01-16,BR1021,Digital - Web,LO26193,8552.78,False,2024-12-31
